DB,Phylum,Class,Order,Family,Genus,Species,scientificName,Total,BU1_Fall_100m_2023,BU1_Fall_10m_2023,BU1_Fall_bottom_2023,BU1_Fall_Surface_2023,BU1_Spring_100m_2023,BU1_Spring_10m_2023,BU1_Spring_bottom_2023,BU1_Spring_Surface_2023,BU1_Summer_100m_2023,BU1_Summer_10m_2023,BU1_Summer_bottom_2023,BU1_Summer_Surface_2023,BU1_Winter_100m_2023,BU1_Winter_10m_2023,BU1_Winter_bottom_2023,BU1_Winter_Surface_2023,BU4_Fall_100m_2023,BU4_Fall_10m_2023,BU4_Fall_bottom_2023,BU4_Fall_Surface_2023,BU4_Spring_100m_2023,BU4_Spring_10m_2023,BU4_Spring_bottom_2023,BU4_Spring_Surface_2023,BU4_Summer_10m_2023,BU4_Summer_bottom_2023,BU4_Summer_Surface_2023,BU4_Winter_100m_2023,BU4_Winter_10m_2023,BU4_Winter_bottom_2023,BU4_Winter_Surface_2023,BU7_Fall_100m_2023,BU7_Fall_10m_2023,BU7_Fall_bottom_2023,BU7_Spring_100m_2023,BU7_Spring_10m_2023,BU7_Spring_bottom_2023,BU7_Spring_Surface_2023,BU7_Summer_100m_2023,BU7_Summer_10m_2023,BU7_Summer_bottom_2023,BU7_Winter_100m_2023,BU7_Winter_10m_2023,BU7_Winter_bottom_2023,BU7_Winter_Surface_2023,DFO1_Fall_100m_2023,DFO1_Fall_10m_2023,DFO1_Fall_bottom_2023,DFO1_Fall_Surface_2023,DFO1_Spring_100m_2023,DFO1_Spring_10m_2023,DFO1_Spring_bottom_2023,DFO1_Spring_Surface_2023,DFO1_Summer_100m_2023,DFO1_Summer_10m_2023,DFO1_Summer_Surface_2023,DFO1_Winter_100m_2023,DFO1_Winter_10m_2023,DFO1_Winter_bottom_2023,DFO1_Winter_Surface_2023,DFO2_Fall_100m_2023,DFO2_Fall_10m_2023,DFO2_Fall_bottom_2023,DFO2_Fall_Surface_2023,DFO2_Spring_100m_2023,DFO2_Spring_10m_2023,DFO2_Spring_bottom_2023,DFO2_Spring_Surface_2023,DFO2_Summer_100m_2023,DFO2_Summer_10m_2023,DFO2_Summer_Surface_2023,DFO2_Winter_100m_2023,DFO2_Winter_10m_2023,DFO2_Winter_bottom_2023,DFO2_Winter_Surface_2023,DFO4_Fall_100m_2023,DFO4_Fall_10m_2023,DFO4_Fall_bottom_2023,DFO4_Fall_Surface_2023,DFO4_Spring_100m_2023,DFO4_Spring_10m_2023,DFO4_Spring_bottom_2023,DFO4_Spring_Surface_2023,DFO4_Summer_100m_2023,DFO4_Summer_10m_2023,DFO4_Summer_bottom_2023,DFO4_Winter_10m_2023,DFO4_Winter_Surface_2023,HS01_Fall_100m_2023,HS01_Fall_10m_2023,HS01_Fall_bottom_2023,HS01_Fall_Surface_2023,HS01_Spring_100m_2023,HS01_Spring_10m_2023,HS01_Spring_bottom_2023,HS01_Spring_Surface_2023,HS01_Summer_100m_2023,HS01_Summer_10m_2023,HS01_Summer_bottom_2023,HS01_Summer_Surface_2023,HS01_Winter_100m_2023,HS01_Winter_10m_2023,HS01_Winter_bottom_2023,HS01_Winter_Surface_2023,HS02_Fall_100m_2023,HS02_Fall_10m_2023,HS02_Fall_bottom_2023,HS02_Fall_Surface_2023,HS02_Spring_100m_2023,HS02_Spring_10m_2023,HS02_Spring_bottom_2023,HS02_Spring_Surface_2023,HS02_Summer_100m_2023,HS02_Summer_bottom_2023,HS02_Summer_Surface_2023,HS02_Winter_100m_2023,HS02_Winter_10m_2023,HS02_Winter_bottom_2023,HS02_Winter_Surface_2023,HS03_Fall_100m_2023,HS03_Fall_10m_2023,HS03_Fall_bottom_2023,HS03_Fall_Surface_2023,HS03_Spring_100m_2023,HS03_Spring_10m_2023,HS03_Spring_bottom_2023,HS03_Spring_Surface_2023,HS03_Summer_100m_2023,HS03_Summer_bottom_2023,HS03_Summer_Surface_2023,HS03_Winter_100m_2023,HS03_Winter_10m_2023,HS03_Winter_bottom_2023,HS03_Winter_Surface_2023,HSGLASSR1_Fall_100m_2023,HSGLASSR1_Fall_10m_2023,HSGLASSR1_Fall_bottom_2023,HSGLASSR1_Spring_100m_2023,HSGLASSR1_Spring_10m_2023,HSGLASSR1_Spring_bottom_2023,HSGLASSR1_Spring_Surface_2023,HSGLASSR1_Summer_100m_2023,HSGLASSR1_Summer_bottom_2023,HSGLASSR1_Summer_Surface_2023,HSPLANT_Fall_Surface_2023,HSPLANT_Spring_Surface_2023,HSPLANT_Summer_10m_2023,HSPLANT_Summer_Surface_2023,IA01_Fall_100m_2023,IA01_Fall_10m_2023,IA01_Fall_bottom_2023,IA01_Fall_Surface_2023,IA01_Spring_100m_2023,IA01_Spring_10m_2023,IA01_Spring_bottom_2023,IA01_Spring_Surface_2023,IA01_Summer_100m_2023,IA01_Summer_10m_2023,IA01_Summer_bottom_2023,IA01_Summer_Surface_2023,IA01_Winter_100m_2023,IA01_Winter_10m_2023,IA01_Winter_bottom_2023,IA01_Winter_Surface_2023,IA02_Fall_100m_2023,IA02_Fall_10m_2023,IA02_Fall_bottom_2023,IA02_Fall_Surface_2023,IA02_Spring_100m_2023,IA02_Spring_10m_2023,IA02_Spring_bottom_2023,IA02_Spring_Surface_2023,IA02_Summer_100m_2023,IA02_Summer_10m_2023,IA02_Summer_bottom_2023,IA02_Summer_Surface_2023,IA02_Winter_100m_2023,IA02_Winter_10m_2023,IA02_Winter_bottom_2023,IA02_Winter_Surface_2023,IA03_Fall_100m_2023,IA03_Fall_10m_2023,IA03_Fall_bottom_2023,IA03_Fall_Surface_2023,IA03_Spring_100m_2023,IA03_Spring_10m_2023,IA03_Spring_bottom_2023,IA03_Spring_Surface_2023,IA03_Summer_100m_2023,IA03_Summer_10m_2023,IA03_Summer_bottom_2023,IA03_Summer_Surface_2023,IA03_Winter_100m_2023,IA03_Winter_10m_2023,IA03_Winter_bottom_2023,IA03_Winter_Surface_2023,TO2A_Fall_100m_2023,TO2A_Fall_10m_2023,TO2A_Fall_Surface_2023,TO2A_Spring_100m_2023,TO2A_Spring_10m_2023,TO2A_Spring_bottom_2023,TO2A_Spring_Surface_2023,TO2A_Summer_100m_2023,TO2A_Summer_10m_2023,TO2A_Summer_bottom_2023,TO2A_Summer_Surface_2023,TO2A_Winter_100m_2023,TO2A_Winter_10m_2023,TO2A_Winter_bottom_2023,TO2A_Winter_Surface_2023,TO3A_Fall_100m_2023,TO3A_Fall_10m_2023,TO3A_Fall_bottom_2023,TO3A_Fall_Surface_2023,TO3A_Spring_100m_2023,TO3A_Spring_10m_2023,TO3A_Spring_bottom_2023,TO3A_Spring_Surface_2023,TO3A_Summer_100m_2023,TO3A_Summer_10m_2023,TO3A_Summer_bottom_2023,TO3A_Summer_Surface_2023,TO3A_Winter_100m_2023,TO3A_Winter_10m_2023,TO3A_Winter_bottom_2023,TO3A_Winter_Surface_2023,TO4A_Fall_100m_2023,TO4A_Fall_10m_2023,TO4A_Fall_bottom_2023,TO4A_Fall_Surface_2023,TO4A_Spring_100m_2023,TO4A_Spring_10m_2023,TO4A_Spring_bottom_2023,TO4A_Spring_Surface_2023,TO4A_Summer_100m_2023,TO4A_Summer_10m_2023,TO4A_Summer_bottom_2023,TO4A_Summer_Surface_2023,TO4A_Winter_100m_2023,TO4A_Winter_10m_2023,TO4A_Winter_bottom_2023,TO4A_Winter_Surface_2023
BOLD,Chordata,Actinopteri,Scorpaeniformes,Agonidae,Agonopsis,vulsa,Agonopsis vulsa,17564,0,0,0,0,0,0,0,0,0,0,0,0,0,0,0,0,0,0,0,0,0,0,0,0,0,0,0,0,0,0,0,0,0,0,0,0,0,0,0,0,0,0,0,0,0,0,0,0,0,0,0,0,0,0,0,0,0,0,0,0,0,0,0,0,0,0,0,0,0,0,0,0,0,0,0,0,0,0,0,0,0,0,0,0,0,0,0,0,0,0,0,0,64,0,0,0,0,0,0,0,0,0,0,0,0,0,0,0,0,0,0,0,0,0,0,0,0,0,0,0,17355,0,0,0,0,0,5,0,0,0,0,0,0,0,0,0,0,0,0,0,0,0,0,0,0,0,0,0,0,0,0,0,0,0,0,0,0,0,0,0,0,0,0,0,0,0,0,0,0,0,0,0,0,0,123,0,0,0,0,0,0,0,0,0,0,0,0,0,0,0,0,0,13,0,0,0,0,0,0,4,0,0,0,0,0,0,0,0,0,0,0,0,0,0,0,0,0,0,0,0,0,0,0,0,0,0,0,0,0,0,0,0,0,0,0,0,0,0,0,0,0,0,0
BOLD,Chordata,Actinopteri,Scorpaeniformes,Stichaeidae,Alectrias,alectrolophus,Alectrias alectrolophus,102,0,0,0,0,0,0,0,0,0,0,0,0,0,0,0,0,0,0,0,0,2,0,0,0,0,0,2,0,0,0,2,0,0,0,9,0,0,0,0,0,0,0,0,0,0,0,0,0,0,0,0,4,0,0,0,0,0,0,0,0,0,0,0,0,0,0,0,0,0,0,0,0,0,0,0,0,0,0,0,0,14,0,0,0,0,0,0,0,0,0,0,0,0,0,3,0,0,0,0,0,0,0,0,0,0,0,0,0,2,0,0,0,0,0,0,0,0,0,0,0,0,0,0,0,0,3,0,0,0,0,0,0,0,0,0,0,0,0,0,0,0,0,0,0,0,0,0,0,0,0,0,0,3,0,6,0,0,0,0,0,0,0,0,0,0,0,0,0,11,0,7,0,0,0,0,0,0,0,0,0,0,0,0,0,0,0,0,0,0,0,0,0,0,0,0,0,0,0,0,0,0,0,0,0,0,0,0,0,0,0,0,0,0,0,0,10,0,0,11,0,0,0,0,0,0,0,0,0,0,0,0,0,0,13,0,0,0,0,0,0,0,0,0
BOLD,Chordata,Actinopteri,Clupeiformes,Clupeidae,Alosa,sapidissima,Alosa sapidissima,54754,0,0,0,0,0,14,0,0,0,0,0,0,0,0,0,0,0,0,3,0,0,13,0,0,0,0,0,0,0,0,0,0,18496,0,0,0,0,0,0,0,0,0,0,0,2255,0,0,0,1966,0,17,5,5,0,0,0,0,0,0,0,0,0,0,0,0,0,47,0,2,0,0,0,0,0,0,0,10792,0,1311,21,0,0,0,0,0,0,2,0,0,0,0,0,15,0,0,0,0,0,0,0,0,0,0,0,0,0,0,0,0,0,0,0,0,0,0,0,0,0,0,0,0,0,0,0,0,0,0,0,0,0,0,0,0,0,0,0,0,0,0,0,0,0,0,0,0,0,0,0,0,0,0,0,0,0,0,0,0,0,0,0,0,0,0,0,2,0,0,0,0,0,0,0,0,0,0,0,0,0,0,0,0,0,0,0,0,0,0,0,0,0,0,0,0,0,0,1341,18406,0,0,15,0,0,0,0,0,0,0,0,0,0,0,0,0,0,0,0,0,0,0,0,0,0,0,0,0,2,2,0,0,2,0,20,0,0,0,0,0,0,0,0,0,0,0
BOLD,Chordata,Actinopteri,Trachiniformes,Ammodytidae,Ammodytes,personatus,Ammodytes personatus,430742,0,0,0,0,0,0,0,6607,0,0,0,0,0,0,0,0,0,3,0,36846,0,340,0,0,0,41121,0,29,0,0,0,0,21564,0,0,0,0,0,0,0,0,10,9,7,0,0,2,0,0,0,0,187,6894,0,0,5,44,60455,14,31349,0,0,0,0,0,0,0,930,0,0,0,13470,44158,23,21708,0,0,20,0,0,0,0,0,0,0,2,3928,11494,2,0,0,0,0,0,0,0,0,0,0,0,0,0,0,4131,0,2,0,0,0,0,0,0,0,0,0,0,0,0,483,0,0,0,2,0,0,0,0,0,0,0,0,0,0,0,0,0,0,0,0,0,0,0,0,0,0,0,0,0,0,0,0,0,200,0,339,0,0,0,0,0,0,0,5,0,0,0,0,2,0,0,0,0,0,0,0,0,0,0,0,0,2,0,0,0,0,0,0,0,0,0,0,0,0,0,0,0,0,0,9907,0,226,0,0,0,0,0,0,40947,67,2,5654,2,0,0,7109,0,0,0,0,0,0,0,0,13,0,9,0,0,0,0,14008,0,0,0,0,0,0,0,0,26,46358,14,13
BOLD,Chordata,Actinopteri,Scorpaeniformes,Anarhichadidae,Anarrhichthys,ocellatus,Anarrhichthys ocellatus,7103,0,0,0,0,0,0,0,0,0,0,0,0,0,0,0,0,0,0,0,0,0,0,0,0,0,0,0,0,0,0,0,0,0,0,0,0,0,0,0,0,0,0,0,0,0,0,0,0,0,0,844,0,0,0,0,0,0,0,0,0,0,0,0,0,0,0,0,6,0,0,0,0,0,16,0,0,0,0,0,0,0,0,0,0,0,0,0,0,0,0,0,0,0,0,0,0,0,0,0,0,0,4,0,0,0,0,0,0,0,0,0,0,0,0,0,0,0,0,0,0,0,0,0,0,0,0,0,0,0,0,0,0,0,0,0,0,0,0,0,0,0,0,0,0,0,47,0,0,0,0,0,0,115,0,0,0,0,0,0,0,12,0,0,0,0,0,0,0,0,0,0,0,0,0,0,0,0,0,0,0,0,0,0,0,3,0,0,0,0,0,0,0,0,0,0,0,0,0,0,0,0,0,0,0,0,0,0,0,0,16,0,0,5822,0,0,0,0,0,0,0,0,0,0,0,0,0,0,0,0,0,0,0,0,0,0,0,0,0,0,0,0,0,218
BOLD,Chordata,Actinopteri,Scorpaeniformes,Stichaeidae,Anisarchus,medius,Anisarchus medius,34,0,0,0,0,0,0,3,0,0,0,0,0,0,0,0,0,0,0,0,0,0,0,0,0,0,0,0,0,0,0,0,0,0,0,0,0,0,0,0,0,0,0,0,0,0,0,0,0,0,0,0,2,0,0,0,0,0,0,0,0,0,0,0,0,0,0,0,0,0,0,0,0,0,0,0,0,0,0,0,0,8,0,0,0,0,0,0,0,0,0,0,0,0,0,0,0,0,0,0,0,0,0,0,0,0,0,0,0,0,0,0,0,0,0,0,0,0,0,0,0,0,0,0,0,0,0,0,0,0,0,0,0,0,0,0,0,0,0,0,0,0,0,0,0,0,0,0,0,0,0,0,0,11,0,0,0,0,0,0,0,0,0,0,0,0,0,0,0,0,0,0,0,0,0,0,0,0,0,0,0,0,0,0,0,0,0,0,0,0,0,0,0,0,0,0,0,0,0,0,0,0,0,0,0,0,0,0,0,0,2,0,0,0,0,0,0,0,5,0,0,0,0,0,0,0,0,0,0,0,0,0,0,0,0,0,0,0,0,0,0,0,0,3
BOLD,Chordata,Actinopteri,Scorpaeniformes,Stichaeidae,Anoplarchus,sp,Anoplarchus sp,133844,0,0,0,0,273,611,1978,0,0,0,0,0,11,3,5,34,0,0,0,24006,707,148,0,169,0,0,0,38,0,0,2299,0,0,0,423,0,90,0,0,0,0,0,0,8,1578,0,0,0,2972,76,38,944,63,0,0,0,5,0,0,30,0,0,0,2560,471,84,790,47,0,0,0,80,22,8,0,0,0,0,0,1085,1740,0,3158,0,0,0,11993,1946,0,5064,0,0,279,0,379,78,3,0,0,3,0,0,0,0,0,0,0,0,391,0,364,782,0,0,0,2,0,0,0,0,0,0,2,125,0,382,10,0,0,0,0,0,0,0,0,0,0,0,0,0,20,0,0,0,0,0,0,0,0,0,0,2,566,127,262,1441,0,0,0,0,0,0,15,13,0,0,2,2,265,0,233,0,0,0,19476,0,0,0,2,3898,0,0,2,14,22,0,0,0,0,0,0,0,2,26088,5,8995,0,0,0,1148,0,39,119,0,0,0,0,0,0,38,0,0,0,0,0,305,0,755,451,0,0,0,0,23,47,22,512,0,0,0,0,0,0,567,0,0,0,0,0,0,4,0,5
BOLD,Chordata,Actinopteri,Scorpaeniformes,Anoplopomatidae,Anoplopoma,fimbria,Anoplopoma fimbria,270,0,0,0,0,0,0,0,0,0,0,0,0,0,0,0,0,0,0,0,0,0,0,0,0,0,0,0,0,0,0,0,0,0,0,0,0,0,0,0,0,0,0,0,0,0,0,0,0,0,0,0,0,0,0,0,0,0,0,0,0,0,0,0,0,0,0,0,0,0,0,0,0,0,0,0,0,0,0,0,0,0,0,0,0,0,0,0,0,0,0,0,0,57,0,0,0,0,0,0,0,0,0,0,0,0,0,0,0,0,0,3,0,0,0,0,0,3,0,0,0,0,0,0,12,0,0,0,0,0,0,2,0,0,0,0,0,0,0,0,0,0,0,0,0,0,0,0,0,0,0,0,0,0,0,21,0,0,0,0,0,0,0,0,0,0,0,0,0,43,0,0,0,0,0,0,0,0,0,0,0,0,0,0,0,0,2,91,0,0,0,0,0,0,0,0,0,0,0,0,34,0,0,0,0,0,0,0,0,0,0,0,0,0,0,0,0,0,0,0,0,0,0,0,2,0,0,0,0,0,0,0,0,0,0,0,0,0,0,0,0,0,0,0
BOLD,Chordata,Actinopteri,Scorpaeniformes,Pholidae,Apodichthys,flavidus,Apodichthys flavidus,3757,0,0,0,0,0,0,398,0,0,0,0,0,0,0,0,0,0,0,0,0,0,132,288,0,0,0,0,0,0,0,0,0,0,0,0,0,0,0,0,0,0,0,0,4,0,0,0,0,0,0,0,115,0,0,0,0,0,0,0,0,0,0,0,0,0,0,0,0,0,0,0,0,0,0,0,0,0,0,0,0,746,0,0,0,0,0,0,0,0,0,0,0,13,0,57,76,0,0,0,0,0,0,3,0,0,0,0,0,47,0,0,0,0,0,0,0,0,0,0,0,0,0,0,101,0,50,0,0,0,0,0,0,0,0,0,0,0,0,0,0,0,0,0,0,0,0,0,0,0,0,0,0,590,207,195,0,0,0,0,0,0,2,0,0,0,0,0,0,27,35,0,91,0,0,0,0,0,0,0,0,0,0,0,0,0,0,0,0,0,0,0,0,0,0,0,0,0,0,0,0,0,0,0,0,0,0,0,0,0,0,8,0,0,0,0,123,0,361,0,0,0,0,0,0,7,0,0,0,0,0,0,0,0,69,0,0,0,0,0,0,0,0,12
BOLD,Chordata,Actinopteri,Scorpaeniformes,Cottidae,Artedius,fenestralis,Artedius fenestralis,75594,0,0,0,0,0,0,1041,0,0,0,0,0,0,0,0,10,0,0,0,0,989,435,718,1130,0,0,0,0,0,2,0,0,0,0,3,0,0,0,0,0,0,0,9266,0,9009,0,0,0,0,21,0,376,0,0,0,0,7,16,0,14644,0,0,0,0,19,17,402,0,0,0,2,37,27,4,7896,0,0,0,0,1560,1063,0,0,0,0,0,0,660,0,0,0,0,143,0,212,0,4,0,0,0,0,0,0,0,0,0,0,0,76,0,314,0,0,0,2,0,0,0,0,0,0,0,0,433,0,1434,293,0,0,0,0,0,0,0,0,0,0,0,0,0,0,0,0,0,0,0,0,0,0,0,0,0,476,199,0,0,0,0,0,0,0,0,0,2891,0,0,0,0,104,0,80,0,0,0,0,0,0,0,0,0,0,3204,0,0,0,0,40,0,0,0,0,0,0,0,0,0,0,0,0,0,0,0,0,0,0,0,0,0,0,21,0,0,0,0,0,362,97,527,606,0,0,0,0,0,0,9,0,0,0,0,0,1092,0,82,0,0,2,0,0,2,0,0,13535
BOLD,Chordata,Actinopteri,Scorpaeniformes,Cottidae,Artedius,harringtoni,Artedius harringtoni,16324,0,0,0,0,0,0,0,0,0,0,0,0,30,0,0,4,0,0,0,0,0,0,884,176,0,0,0,0,0,42,16,0,0,0,0,0,0,0,2,0,0,2,0,0,2,0,0,0,0,0,12,0,0,0,0,0,11,2,0,11816,0,0,0,0,0,0,234,0,0,0,0,0,2,34,0,0,0,0,0,0,0,0,0,0,0,0,0,0,0,0,0,0,0,0,117,351,0,4,0,5,0,0,0,0,0,0,0,0,22,0,0,0,0,0,0,0,0,0,0,0,0,0,0,0,0,0,0,2,0,0,0,0,0,0,0,0,0,26,0,0,0,0,0,0,0,0,0,0,0,0,0,0,738,0,585,0,0,0,0,0,29,0,0,0,0,0,0,0,5,0,19,0,4,0,0,0,8,0,0,0,0,0,0,0,0,0,0,0,0,0,0,0,0,0,0,0,0,0,0,0,0,0,61,2,0,3,0,0,13,14,0,0,0,0,0,812,0,0,0,0,0,0,0,0,0,0,21,0,0,0,0,0,0,196,0,0,0,0,0,8,5,0,5
BOLD,Chordata,Actinopteri,Scorpaeniformes,Cottidae,Artedius,lateralis,Artedius lateralis,9044,0,0,0,0,22,346,0,0,0,0,0,0,0,0,0,0,0,0,0,0,100,0,253,440,0,0,0,0,0,0,0,0,0,0,760,0,0,0,0,0,0,0,0,0,0,0,0,0,0,31,10,123,0,0,0,0,0,0,0,0,0,0,0,0,0,3,0,0,0,0,0,0,0,0,0,0,0,0,0,0,0,0,0,0,0,0,0,0,0,0,0,0,0,0,0,194,0,0,0,0,0,0,0,0,0,0,0,0,92,0,0,0,0,0,0,0,0,0,0,0,0,0,0,1069,0,2151,0,0,0,0,0,0,0,0,0,0,0,0,0,0,0,0,0,0,0,0,0,0,0,0,0,0,235,8,159,0,0,0,0,0,0,0,0,16,0,0,0,426,271,0,415,0,0,0,0,0,0,0,0,0,0,0,0,1496,13,0,0,0,0,0,0,0,0,0,0,0,0,0,0,0,0,0,0,0,0,0,0,0,0,0,0,0,0,0,0,0,0,0,143,0,0,0,0,0,0,0,0,0,0,0,0,0,0,268,0,0,0,0,0,0,0,0,0
BOLD,Chordata,Actinopteri,Scorpaeniformes,Cottidae,Ascelichthys,rhodorus,Ascelichthys rhodorus,7431,0,0,0,0,0,1602,0,0,0,0,0,0,0,0,0,0,0,0,0,0,773,0,820,0,0,0,0,0,0,0,0,0,0,0,1750,0,0,0,0,0,0,0,0,0,0,0,0,0,0,0,0,208,0,0,0,0,0,0,0,0,0,0,0,0,0,0,0,0,0,0,3,0,0,0,0,0,0,0,0,0,88,0,0,0,0,0,0,0,0,0,0,0,0,0,0,92,0,2,0,4,0,0,0,0,0,0,0,0,0,0,0,0,0,0,0,0,0,0,0,0,0,0,0,0,0,0,0,0,2,0,0,0,0,0,0,0,0,0,0,0,0,0,0,0,0,0,0,0,0,0,0,0,247,0,48,0,0,0,0,0,0,0,0,0,0,0,0,0,41,0,54,0,0,0,0,0,0,0,0,0,0,0,0,0,0,0,0,0,0,0,0,0,0,0,0,0,0,0,0,0,0,0,0,0,0,0,0,0,0,0,0,0,0,0,0,216,94,0,1115,0,0,0,0,0,0,0,0,0,0,0,0,0,0,272,0,0,0,0,0,0,0,0,0
BOLD,Chordata,Actinopteri,Pleuronectiformes,Pleuronectidae,Atheresthes,evermanni,Atheresthes evermanni,245,0,0,0,0,0,0,0,0,0,0,0,0,0,0,0,0,0,0,0,0,0,0,0,0,0,0,0,0,0,0,0,0,0,0,0,0,0,0,0,0,0,0,0,0,0,0,0,0,0,0,0,0,0,0,0,0,0,0,0,0,0,0,0,0,0,0,0,0,0,0,0,0,0,0,0,0,0,0,0,0,0,0,0,0,0,0,0,0,0,0,0,0,0,0,0,0,0,0,0,0,0,0,0,0,0,0,0,0,0,0,0,0,0,0,0,0,0,0,0,0,0,0,0,0,0,0,0,0,0,0,0,0,18,0,0,0,0,0,217,2,2,0,0,0,0,0,0,0,0,0,0,0,0,0,0,0,0,0,0,0,0,0,0,0,0,0,0,0,0,0,0,0,0,0,0,0,0,0,0,0,0,0,0,0,0,0,0,0,0,0,0,0,0,0,0,0,0,0,0,0,0,0,0,0,0,0,0,0,0,0,0,0,0,0,0,0,0,0,0,0,0,0,0,0,0,0,0,0,0,0,0,0,0,4,0,0,0,0,0,0,0,2,0
BOLD,Chordata,Actinopteri,Scorpaeniformes,Aulorhynchidae,Aulorhynchus,flavidus,Aulorhynchus flavidus,88183,0,0,0,0,3,541,6,363,0,0,0,0,9,6,0,0,0,0,0,0,158,0,127,0,0,0,0,0,0,0,0,0,0,0,0,0,0,0,0,0,0,0,0,0,5,0,0,0,0,7,0,2,0,0,0,0,0,0,0,0,0,0,0,0,13,0,0,0,0,0,0,0,0,12,0,0,0,0,0,0,82833,0,0,0,0,0,11,0,0,0,0,0,217,0,464,0,2,0,0,0,0,0,0,0,0,0,0,0,0,0,0,0,0,0,0,0,0,7,0,0,0,0,0,0,0,0,338,0,0,0,0,0,0,0,0,0,0,0,0,0,0,0,0,0,0,0,0,0,0,0,0,0,42,0,138,0,0,0,0,0,0,0,0,0,0,0,0,0,0,0,44,317,0,0,0,0,0,0,0,0,0,0,0,0,0,0,0,0,0,0,0,0,0,0,0,0,0,0,0,0,0,0,0,0,0,0,0,0,0,0,0,0,0,0,0,61,0,406,9,0,2,0,0,0,0,0,0,0,0,0,1819,0,0,120,101,0,0,0,0,0,0,0,0
BOLD,Chordata,Mammalia,Artiodactyla,Balaenopteridae,Balaenoptera,musculus,Balaenoptera musculus,133,0,0,0,0,0,0,0,0,0,0,0,0,0,0,0,0,0,0,0,0,0,0,0,0,0,0,0,0,0,0,0,0,0,0,0,0,0,0,0,0,0,0,0,0,0,0,0,0,0,0,0,0,0,0,0,0,0,0,0,0,0,0,0,0,0,0,0,0,0,0,0,0,0,0,0,0,0,0,0,0,0,0,0,0,0,0,0,0,0,0,0,0,0,0,0,0,0,0,0,0,0,0,0,0,0,0,0,0,0,0,0,0,0,0,0,0,0,0,0,0,0,0,0,0,0,0,0,0,0,0,0,0,0,0,0,0,0,0,0,0,0,0,0,0,0,0,0,0,0,0,0,0,0,0,0,0,0,0,0,0,0,0,0,0,0,0,0,0,0,0,0,0,0,0,0,0,0,0,0,0,0,0,0,0,0,0,0,0,0,0,0,0,0,0,0,0,0,0,0,0,0,0,0,0,0,0,0,133,0,0,0,0,0,0,0,0,0,0,0,0,0,0,0,0,0,0,0,0,0,0,0,0,0,0,0,0,0,0,0,0,0,0,0
BOLD,Chordata,Actinopteri,Scorpaeniformes,Agonidae,Bathyagoninae,sp,Bathyagoninae sp,151135,0,0,0,0,0,0,0,0,0,0,0,0,0,0,0,0,0,0,0,0,0,0,0,0,0,0,0,0,0,0,0,0,0,0,0,0,0,0,0,0,0,0,0,0,0,0,0,0,0,0,0,0,0,2,0,0,0,0,0,0,0,0,0,0,0,0,0,0,0,0,0,0,0,0,0,0,0,0,0,0,0,0,0,0,0,0,0,0,0,0,0,0,0,0,0,0,0,0,0,0,0,0,0,2,0,0,0,0,0,0,0,0,0,0,0,0,0,0,0,0,7,0,0,0,0,0,3,0,40382,4,0,0,0,0,0,14,0,0,0,0,0,2,34131,0,17,0,0,0,0,0,0,0,238,0,52,0,0,0,0,0,0,0,0,0,0,0,4847,0,0,0,0,0,0,2,50127,3,0,0,0,0,0,0,0,26,0,0,13944,0,2,0,0,5,7305,0,5,0,0,0,0,0,0,0,0,0,0,0,0,0,0,0,0,0,0,0,0,0,0,0,0,0,0,0,0,0,0,0,0,0,0,0,0,0,0,0,0,0,0,0,0,15,0,0,0
BOLD,Chordata,Actinopteri,Scorpaeniformes,Agonidae,Bathyagonus,pentacanthus,Bathyagonus pentacanthus,22,0,0,0,0,0,0,0,0,0,0,0,0,0,0,0,0,0,0,0,0,0,0,0,0,0,0,0,0,0,0,0,0,0,0,0,0,0,0,0,0,0,0,0,0,0,0,0,0,0,0,0,0,0,0,0,0,0,0,0,0,0,0,0,0,0,0,0,0,0,0,0,0,0,0,0,0,0,0,0,0,0,0,0,0,0,0,0,0,0,0,0,0,0,0,0,0,0,0,0,0,0,0,0,0,0,0,0,0,0,0,0,0,0,0,0,0,0,0,0,0,0,0,0,0,0,0,0,0,5,0,0,0,0,0,0,0,0,0,0,0,0,0,3,0,0,0,0,0,0,0,0,0,0,0,0,0,0,0,0,0,0,0,0,0,0,0,0,0,0,0,0,0,0,0,11,0,0,0,0,0,0,0,0,0,0,0,3,0,0,0,0,0,0,0,0,0,0,0,0,0,0,0,0,0,0,0,0,0,0,0,0,0,0,0,0,0,0,0,0,0,0,0,0,0,0,0,0,0,0,0,0,0,0,0,0,0,0,0,0,0,0,0,0
BOLD,Chordata,Actinopteri,Ovalentaria,Embiotocidae,Brachyistius,frenatus,Brachyistius frenatus,13916,0,0,0,0,0,0,394,0,0,0,0,0,0,0,0,0,0,0,0,0,0,0,0,0,0,0,0,0,0,0,0,0,0,0,0,0,0,0,0,0,0,0,0,0,0,0,0,0,0,0,0,0,126,0,0,0,0,0,0,0,0,0,0,0,0,0,0,0,0,0,0,0,0,0,0,0,0,0,0,0,0,0,0,0,0,0,0,0,0,0,0,0,0,0,0,0,0,0,0,0,0,0,0,0,0,0,0,0,0,0,0,0,0,0,0,0,0,0,0,0,0,0,0,0,0,0,0,0,0,0,0,0,0,0,0,0,0,0,0,0,10,0,0,0,0,0,0,0,0,0,0,0,8,0,0,0,0,0,0,0,0,0,0,0,0,0,0,0,0,196,128,0,0,0,0,0,0,0,0,0,0,0,0,0,0,0,0,0,0,0,0,0,0,0,0,0,0,0,0,0,0,0,0,0,0,0,0,0,0,0,0,0,0,0,0,201,0,0,0,0,2,0,0,0,0,0,0,0,0,0,0,0,0,0,0,0,2,0,0,0,0,2,12847
BOLD,Chordata,Actinopteri,Ophidiiformes,Bythitidae,Brosmophycis,marginata,Brosmophycis marginata,48,0,0,0,0,5,0,0,0,0,0,0,0,0,0,0,0,0,0,0,0,0,0,0,0,0,0,0,0,0,0,0,0,0,0,0,0,26,0,0,0,0,0,0,0,0,0,0,0,0,0,0,0,0,0,0,0,0,0,2,0,0,0,0,0,0,0,0,0,0,0,0,0,0,0,0,0,0,0,0,0,0,0,0,0,0,0,0,0,0,0,0,0,0,0,0,0,0,0,0,0,0,0,0,0,0,0,0,0,0,0,0,0,0,0,0,0,0,0,0,0,0,0,0,0,0,0,0,0,0,0,0,0,0,0,0,0,0,0,0,0,0,0,0,0,0,0,0,0,0,0,0,0,0,0,0,0,0,0,0,0,0,0,0,0,0,0,0,0,0,0,0,0,0,0,0,0,0,0,0,0,0,0,0,0,0,0,0,0,0,0,0,0,0,0,0,0,0,0,0,0,0,0,0,0,0,0,0,0,0,0,0,0,0,0,0,0,0,13,0,0,0,0,0,0,2,0,0,0,0,0,0,0,0,0,0,0,0,0,0,0,0,0,0
BOLD,Chordata,Elasmobranchii,Rajiformes,Rajidae,Caliraja,rhina,Caliraja rhina,108373,0,0,0,0,2,0,0,0,0,0,0,0,0,0,0,0,0,0,0,0,2,0,0,0,0,0,0,0,0,0,0,0,0,0,0,0,0,0,0,0,0,0,0,0,0,0,0,0,0,0,0,0,0,0,0,0,0,0,0,0,0,0,0,0,0,3,236,0,0,0,0,0,0,0,0,0,0,0,0,2,0,108118,6,0,0,0,0,0,0,0,0,0,0,2,0,0,0,0,0,0,0,0,0,0,0,0,0,0,0,0,0,0,0,0,0,0,0,0,0,0,0,0,0,0,0,0,0,0,0,0,0,0,0,0,0,0,0,0,0,0,0,0,0,0,0,0,0,0,0,0,0,0,0,0,0,0,0,0,0,0,0,0,0,0,0,0,0,0,0,0,0,0,0,0,0,0,0,0,0,0,0,0,0,0,0,0,0,0,0,0,0,0,0,0,0,0,0,0,0,0,0,0,0,0,0,0,0,0,0,0,0,0,0,0,0,2,0,0,0,0,0,0,0,0,0,0,0,0,0,0,0,0,0,0,0,0,0,0,0,0,0,0,0
BOLD,Chordata,Actinopteri,Scorpaeniformes,Liparidae,Careproctus,simus,Careproctus simus,5480,0,0,0,0,0,0,0,0,0,0,0,0,0,0,0,0,0,0,0,0,0,0,0,0,0,0,0,0,0,0,0,0,0,0,0,0,0,0,0,0,0,0,0,0,0,0,0,0,0,0,0,0,0,0,0,0,0,0,0,0,0,0,0,0,0,0,0,0,0,0,0,0,0,0,0,0,0,5480,0,0,0,0,0,0,0,0,0,0,0,0,0,0,0,0,0,0,0,0,0,0,0,0,0,0,0,0,0,0,0,0,0,0,0,0,0,0,0,0,0,0,0,0,0,0,0,0,0,0,0,0,0,0,0,0,0,0,0,0,0,0,0,0,0,0,0,0,0,0,0,0,0,0,0,0,0,0,0,0,0,0,0,0,0,0,0,0,0,0,0,0,0,0,0,0,0,0,0,0,0,0,0,0,0,0,0,0,0,0,0,0,0,0,0,0,0,0,0,0,0,0,0,0,0,0,0,0,0,0,0,0,0,0,0,0,0,0,0,0,0,0,0,0,0,0,0,0,0,0,0,0,0,0,0,0,0,0,0,0,0,0,0,0,0
BOLD,Chordata,Actinopteri,Cypriniformes,Catostomidae,Catostomus,catostomus,Catostomus catostomus,2783,0,0,0,0,0,0,0,0,0,0,0,0,0,0,0,0,0,0,0,0,0,0,0,0,0,0,0,0,0,0,0,0,0,0,0,0,0,0,0,0,0,0,0,0,0,0,0,0,0,0,0,0,0,0,0,0,0,0,0,0,0,0,0,0,0,0,0,0,0,0,0,0,0,0,0,0,0,0,0,0,0,0,0,0,0,0,0,0,0,0,0,0,0,0,0,0,0,0,0,0,0,0,0,0,0,0,0,0,0,0,0,0,0,0,0,0,0,0,0,0,2783,0,0,0,0,0,0,0,0,0,0,0,0,0,0,0,0,0,0,0,0,0,0,0,0,0,0,0,0,0,0,0,0,0,0,0,0,0,0,0,0,0,0,0,0,0,0,0,0,0,0,0,0,0,0,0,0,0,0,0,0,0,0,0,0,0,0,0,0,0,0,0,0,0,0,0,0,0,0,0,0,0,0,0,0,0,0,0,0,0,0,0,0,0,0,0,0,0,0,0,0,0,0,0,0,0,0,0,0,0,0,0,0,0,0,0,0,0,0,0,0,0,0
BOLD,Chordata,Actinopteri,Scorpaeniformes,Stichaeidae,Chirolophinae,sp,Chirolophinae sp,427,0,0,0,0,0,0,0,0,0,0,0,0,11,0,0,0,0,0,0,0,2,0,0,0,0,0,0,0,0,0,18,0,0,0,0,0,0,0,0,0,0,0,0,0,0,0,0,0,0,27,0,0,0,0,0,0,0,0,0,0,0,0,0,0,0,0,0,0,0,0,0,0,0,0,0,0,0,0,0,0,2,0,38,0,0,0,0,0,0,0,0,0,0,0,3,4,0,0,0,2,0,0,0,0,0,0,0,0,0,0,0,0,0,0,0,0,0,0,0,0,0,0,0,0,0,6,0,0,0,0,0,0,0,0,0,0,0,0,0,0,0,0,0,0,0,0,0,0,0,0,0,0,7,0,7,0,0,0,0,0,0,0,0,0,0,0,0,0,4,0,33,0,0,0,0,0,0,0,0,0,0,0,0,0,0,0,0,0,0,0,0,0,0,0,0,0,0,0,0,0,0,0,0,0,0,0,0,0,0,0,0,0,0,0,0,6,0,0,3,0,0,0,0,0,0,0,0,0,0,0,0,0,0,4,0,0,0,0,0,0,0,0,250
BOLD,Chordata,Actinopteri,Pleuronectiformes,Paralichthyidae,Citharichthys,sordidus,Citharichthys sordidus,71472,0,0,0,0,0,0,6,5,0,0,0,0,0,0,0,0,0,0,0,0,2,0,0,0,0,0,0,0,0,0,0,0,0,0,3,0,27,0,0,0,0,0,0,0,0,0,0,0,0,2,0,0,0,0,0,0,0,0,0,0,0,0,0,0,5,0,0,0,0,0,0,0,0,0,0,0,0,0,0,0,65524,227,0,0,0,0,0,0,0,0,0,0,3,0,0,0,0,0,0,0,0,0,0,0,0,0,0,0,0,0,0,0,0,0,0,0,0,0,0,0,0,0,0,0,0,0,0,0,0,0,0,0,0,0,0,0,0,0,5663,0,0,0,0,0,0,0,0,0,0,0,0,0,0,0,0,0,0,0,0,0,0,0,0,0,0,0,0,0,0,0,0,0,0,0,0,0,0,0,0,0,0,0,0,0,0,0,0,0,0,0,0,0,0,0,0,0,0,0,0,0,0,0,0,0,0,0,0,0,0,0,0,0,0,0,0,0,0,3,2,0,0,0,0,0,0,0,0,0,0,0,0,0,0,0,0,0,0,0,0,0,0,0,0
BOLD,Chordata,Actinopteri,Pleuronectiformes,Paralichthyidae,Citharichthys,stigmaeus,Citharichthys stigmaeus,3320,0,0,0,0,96,0,0,0,0,0,0,0,0,0,0,0,0,0,0,0,0,0,0,0,0,0,0,2,0,12,0,0,0,0,0,0,37,0,0,0,0,0,4,0,0,0,0,0,0,0,0,0,5,0,0,0,0,0,0,0,0,0,0,0,0,0,0,0,0,0,0,0,0,0,0,0,0,0,0,0,0,0,0,0,0,0,0,0,0,0,0,0,0,0,4,0,0,0,0,0,0,0,0,0,0,0,0,0,52,139,137,77,0,0,0,0,0,0,0,0,0,0,0,9,39,0,0,0,0,0,0,0,0,0,0,0,0,12,0,0,21,0,0,0,0,343,0,0,0,0,0,0,1153,686,0,0,0,0,0,0,0,0,0,0,0,0,0,0,0,0,0,0,0,0,0,0,0,0,0,6,0,0,0,0,0,0,0,104,0,0,0,0,0,2,0,0,0,0,0,90,0,194,0,0,0,0,0,0,0,0,0,0,0,0,0,21,0,0,11,0,0,0,0,0,4,0,0,0,0,0,0,41,0,19,0,0,0,0,0,0,0,0,0
BOLD,Chordata,Actinopteri,Scorpaeniformes,Cottidae,Clinocottus,acuticeps,Clinocottus acuticeps,11179,0,0,0,0,0,0,0,0,0,0,0,0,0,0,0,0,0,0,0,0,0,0,0,0,0,0,0,0,0,0,0,0,0,0,0,0,0,0,0,0,0,0,0,0,0,0,0,0,1831,0,0,0,0,0,0,0,0,0,0,0,0,0,0,0,0,0,0,0,0,0,0,0,0,0,0,0,0,0,8678,0,0,0,0,0,0,0,0,0,0,0,0,0,0,0,0,0,0,0,0,0,0,0,0,0,0,0,0,0,0,0,0,0,0,0,0,0,0,0,0,0,0,0,0,0,0,0,0,0,0,0,0,0,0,0,0,0,0,0,0,0,0,0,0,0,0,0,0,0,0,0,0,0,40,199,0,106,0,0,0,0,0,0,0,0,0,0,0,0,0,0,0,0,0,0,0,0,0,0,0,0,0,0,0,0,0,0,0,0,0,0,0,0,0,0,0,0,0,0,0,61,0,220,0,0,0,0,0,0,0,0,0,0,0,0,0,0,0,0,0,0,0,0,0,0,0,0,19,0,0,0,0,0,0,0,0,0,0,0,0,0,25,0,0
BOLD,Chordata,Actinopteri,Scorpaeniformes,Cottidae,Clinocottus,globiceps,Clinocottus globiceps,1319,0,0,0,0,0,0,0,0,0,0,0,0,0,0,0,0,0,0,0,0,0,0,0,0,0,0,0,0,0,0,0,0,0,0,0,0,0,0,0,0,0,0,0,0,0,0,0,0,0,0,0,0,0,0,0,0,0,0,0,0,0,0,0,0,0,0,0,0,0,0,0,0,0,0,0,0,0,0,0,0,0,0,0,0,0,0,0,0,0,0,0,0,0,0,0,294,0,0,0,0,0,0,0,0,0,0,0,0,0,0,0,0,0,0,0,0,0,0,0,0,0,0,0,0,0,0,0,0,0,0,0,0,0,0,0,0,0,0,0,0,0,0,0,0,0,0,0,0,0,0,0,0,133,0,506,0,0,0,0,0,0,0,0,0,0,0,0,0,0,0,0,0,0,0,0,0,0,0,0,0,0,0,0,0,0,0,0,0,0,0,0,0,0,0,0,0,0,0,0,0,0,0,0,0,0,0,0,0,0,0,0,0,0,0,0,0,0,0,0,0,0,0,0,0,0,0,0,0,0,0,0,0,0,386,0,0,0,0,0,0,0,0,0
BOLD,Chordata,Actinopteri,Clupeiformes,Clupeidae,Clupea,pallasii,Clupea pallasii,6362678,84950,40774,42513,33026,34549,30307,1790,72740,172870,0,0,52133,51231,7693,302,339490,114994,48781,39,12784,96153,142594,4295,31228,0,0,0,119,210,147,6658,0,14487,56766,162360,3254,0,0,0,49738,0,88596,35672,2095,26272,0,27174,17159,30193,0,2283,0,68343,71969,0,0,58534,51126,12891,42333,0,45799,0,24006,37897,8361,0,113681,0,80014,0,128106,56557,41709,41394,44736,61633,12498,45170,11433,0,16594,22477,0,87337,0,31257,13921,17762,0,0,0,18383,29022,3237,0,0,0,0,0,41254,53261,3587,20548,12280,6123,0,960,29763,1987,26204,5983,0,0,0,13783,0,0,5908,425,0,0,6295,86045,10440,0,43353,44587,0,0,5685,41326,0,3810,0,18128,0,0,13921,0,76353,0,0,0,0,0,68672,0,45332,37141,0,4034,24294,67736,0,207886,0,0,0,0,22839,33,4632,29653,0,19806,6527,1569,9723,18898,7994,323616,0,48064,0,0,1325,30513,6254,30622,2571,17773,0,6715,12835,32618,7971,226649,0,80445,35603,53678,1012,19844,7487,29151,54790,11409,4357,19460,0,69893,1706,134763,25125,0,0,265,33255,18448,40935,49718,18372,0,2326,37650,121450,1618,0,0,0,0,0,127754,4094,56,11018,59196,0,0,7119,0,70407,11212,2507,0,0,0,0,18254,32329,9199,3870
MIDORI16S,Chordata,Actinopteri,Perciformes,Cottidae,Cottidae,sp,Cottidae sp,358,0,0,0,0,0,0,0,0,0,0,0,0,0,0,0,0,6,0,0,0,2,0,0,0,0,0,0,0,0,0,4,0,0,0,6,0,0,0,0,0,0,2,0,0,15,0,11,0,0,0,0,4,0,0,0,2,0,0,0,0,0,9,9,0,0,0,0,0,0,3,0,0,0,0,0,0,4,0,176,0,2,0,0,0,0,0,0,9,0,0,0,0,0,0,0,0,0,0,0,0,0,0,0,0,0,0,0,0,0,0,0,0,0,0,0,0,0,0,0,0,0,0,0,0,0,0,0,0,0,0,3,0,0,0,0,0,0,0,0,0,0,0,0,3,0,0,0,0,0,0,0,0,2,0,7,0,0,0,0,0,0,0,0,0,0,0,0,0,0,0,0,0,0,0,0,0,0,0,0,0,0,0,0,0,0,0,0,0,0,0,0,0,0,0,0,0,0,0,0,4,0,0,0,0,0,0,0,0,0,0,46,0,0,0,0,0,0,0,0,0,0,0,0,0,0,0,0,24,0,0,0,0,0,0,0,0,0,0,0,0,5,0,0
BOLD,Chordata,Actinopteri,Scorpaeniformes,Cottidae,Cottus,aleuticus,Cottus aleuticus,1415897,0,3,0,0,597,0,0,766,0,0,0,0,74,29250,28,58,2,0,0,29400,0,0,0,0,0,0,4,63,44994,146,78902,0,0,2,0,1384,0,0,0,0,0,60032,67373,46,70836,0,0,0,12992,1233,0,1000,16704,0,11,56529,46,11385,11,21705,0,0,0,13593,1644,0,1152,24176,0,0,0,72,14764,71,34062,0,0,0,18671,0,0,0,40469,0,0,0,74,83499,0,0,0,893,0,0,0,0,0,0,0,70,19,0,10,69853,5,11157,0,1342,0,0,0,0,0,0,7963,0,4,2,51709,0,0,0,2,0,0,0,0,3,0,0,2,0,6,14067,0,0,0,1364,0,4407,856,0,0,0,0,0,61,4788,6228,3,0,2768,0,0,0,20691,0,3,3,1231,24,9867,3,30615,0,0,0,0,0,0,0,4474,3,0,0,0,0,4,10,15568,0,0,0,4368,0,0,0,1717,0,0,0,0,8,6,5,29804,3,0,0,0,0,662,0,0,0,0,0,22440,18,33,66458,2,0,0,340,0,0,0,0,0,0,0,6002,57,15099,73,75301,0,2,0,3528,4859,0,0,0,0,0,0,0,53,119485,58,67615
BOLD,Chordata,Actinopteri,Scorpaeniformes,Cottidae,Cottus,asper,Cottus asper,278992,0,9,0,0,0,0,337,0,0,0,0,0,53,65,0,0,2,0,0,47,229,0,0,0,0,0,20084,0,155,8,153,0,0,0,0,0,643,0,0,7,5,119,251,0,5798,0,0,0,2357,4592,0,1859,677,0,0,94,12,36,7,13463,0,0,17,8,1764,0,656,0,0,2,0,15,41,11,19249,0,0,0,155,0,0,0,230,0,0,0,10,2237,0,0,0,1482,2217,5293,0,0,0,0,0,26,2,2,0,5401,0,14,0,3,0,0,0,0,3,2,9,0,0,0,2616,0,0,0,0,0,4334,0,0,0,0,10,0,0,0,23,0,3,0,1740,2692,4006,4605,0,0,6220,266,0,3,16327,5,0,0,2667,70,0,0,31158,0,0,0,1337,7,31,4,20242,0,0,0,1227,0,0,0,3238,0,2,3,0,7,10,0,29737,0,0,0,803,668,0,506,16421,0,0,0,0,0,2,0,2397,0,0,0,100,347,0,923,0,0,3,0,49,2,4,170,2,0,0,1661,0,149,0,111,0,0,0,10992,39,56,3,144,6,0,0,4,2638,1884,0,4112,0,0,0,11309,133,710,3,140
BOLD,Chordata,Actinopteri,Scorpaeniformes,Cottidae,Cottus,sp,Cottus sp,1207,0,0,0,0,0,0,0,0,0,0,0,0,2,25,0,0,0,0,0,29,0,0,0,0,0,0,4,0,36,0,56,0,0,0,0,0,0,0,0,0,0,39,48,0,66,0,0,0,9,4,0,0,24,0,0,59,0,9,0,23,0,0,0,13,2,0,0,24,0,0,0,0,13,0,25,0,0,0,19,0,0,0,39,0,0,0,0,73,0,0,0,0,0,0,0,0,0,0,0,0,0,0,0,60,0,13,0,0,0,0,0,0,0,0,5,0,0,0,45,0,0,0,0,0,2,0,0,0,0,0,0,0,0,9,0,0,0,0,0,3,2,0,0,3,0,0,0,10,5,0,0,0,0,0,0,27,0,0,0,3,0,7,0,26,0,0,0,0,0,0,0,0,0,0,0,0,0,0,0,16,0,0,0,5,0,0,0,3,0,0,0,0,0,0,0,19,0,0,0,0,0,0,0,0,0,0,0,14,0,0,44,0,0,0,0,0,0,0,0,0,0,0,13,0,8,0,64,0,0,0,4,0,2,0,0,0,0,0,3,0,88,0,63
BOLD,Chordata,Actinopteri,Scorpaeniformes,Cryptacanthodidae,Cryptacanthodes,giganteus,Cryptacanthodes giganteus,24105,0,0,0,0,0,0,0,0,0,0,0,0,0,0,0,0,0,0,0,0,0,0,0,0,0,0,0,0,0,4,0,0,0,0,0,0,0,0,0,0,0,0,0,6,0,0,0,0,0,0,0,0,0,0,0,0,0,0,0,0,0,0,0,0,0,0,0,0,0,0,0,0,0,0,0,0,0,0,0,0,0,0,0,0,0,0,4,0,0,0,0,0,0,0,0,0,0,0,0,2,5,0,0,0,0,0,0,0,821,0,0,0,0,0,0,21231,4,0,0,0,0,0,0,0,0,0,0,0,0,0,0,0,0,0,0,0,0,0,0,0,0,0,0,0,0,0,0,0,0,0,0,0,0,0,0,0,0,0,0,0,0,0,0,0,0,0,0,0,0,0,0,0,0,0,0,0,0,0,0,0,0,0,0,0,0,0,0,0,0,0,0,0,0,0,0,0,0,0,0,262,0,0,0,0,0,0,0,4,0,0,0,0,0,0,0,0,0,0,0,0,0,0,0,0,0,0,1756,0,0,0,0,0,0,0,0,0,0,0,0,0,6,0,0
BOLD,Chordata,Actinopteri,Ovalentaria,Embiotocidae,Cymatogaster,aggregata,Cymatogaster aggregata,200236,0,0,0,0,0,0,0,0,0,0,3,0,0,0,0,0,0,0,2,0,1052,0,0,0,0,0,0,0,0,0,0,0,0,0,0,0,0,0,0,0,0,0,0,0,0,0,0,0,3090,0,0,0,2390,0,0,0,0,0,0,0,0,0,0,0,2946,0,0,0,0,0,0,0,0,0,0,0,0,0,0,0,0,0,0,3,4,0,18671,0,0,4,0,0,0,0,0,0,3,0,0,12201,0,0,0,0,0,0,0,179,0,0,0,0,0,0,0,0,0,0,0,3,0,0,0,0,0,0,0,3,2,2996,0,0,0,5029,0,7021,0,0,0,0,0,0,0,102149,0,0,286,7,0,0,0,644,0,0,0,1093,3,0,0,0,0,0,0,0,0,0,0,0,0,2070,0,3497,0,0,0,0,0,0,0,0,0,0,0,0,899,1803,1445,0,0,0,2,0,0,0,0,0,0,0,0,0,0,2081,0,4,0,2,4,0,0,0,0,0,9542,0,0,0,0,0,0,0,0,0,0,16622,0,0,0,0,2,0,0,0,0,2473,0,0,0,6,0,0,0,0,0
BOLD,Chordata,Actinopteri,Scorpaeniformes,Psychrolutidae,Dasycottus,setiger,Dasycottus setiger,17237,0,0,0,0,0,0,0,0,0,0,0,0,0,0,0,0,0,0,0,0,0,0,0,0,0,0,0,0,0,0,0,0,0,0,0,0,0,0,0,0,0,0,0,0,0,0,0,0,0,0,0,0,0,0,0,0,0,0,0,0,0,0,0,0,0,0,0,0,0,0,0,0,0,0,0,0,0,17237,0,0,0,0,0,0,0,0,0,0,0,0,0,0,0,0,0,0,0,0,0,0,0,0,0,0,0,0,0,0,0,0,0,0,0,0,0,0,0,0,0,0,0,0,0,0,0,0,0,0,0,0,0,0,0,0,0,0,0,0,0,0,0,0,0,0,0,0,0,0,0,0,0,0,0,0,0,0,0,0,0,0,0,0,0,0,0,0,0,0,0,0,0,0,0,0,0,0,0,0,0,0,0,0,0,0,0,0,0,0,0,0,0,0,0,0,0,0,0,0,0,0,0,0,0,0,0,0,0,0,0,0,0,0,0,0,0,0,0,0,0,0,0,0,0,0,0,0,0,0,0,0,0,0,0,0,0,0,0,0,0,0,0,0,0
BOLD,Chordata,Actinopteri,Myctophiformes,Myctophidae,Diaphus,theta,Diaphus theta,924,0,0,0,0,229,0,2,0,0,0,0,0,0,0,0,0,0,0,0,0,0,3,0,0,0,0,0,0,0,0,0,0,0,0,0,0,0,0,0,0,0,0,0,0,0,0,0,0,0,0,0,0,0,0,0,0,0,0,0,0,0,0,0,0,0,0,0,0,0,0,0,0,0,0,0,0,0,0,0,0,0,0,0,0,0,0,0,0,0,0,0,0,0,0,0,0,0,0,0,0,0,0,0,0,0,0,0,0,0,0,0,0,0,0,0,0,0,0,0,0,0,0,0,0,0,0,0,0,0,0,0,0,687,0,0,0,0,0,0,0,0,0,0,0,0,0,0,0,0,0,0,0,0,0,0,0,0,0,0,0,0,0,0,0,0,0,0,0,0,0,0,0,0,0,0,0,0,0,0,0,0,0,0,0,0,0,0,0,0,0,0,0,0,0,0,0,0,0,0,0,0,0,3,0,0,0,0,0,0,0,0,0,0,0,0,0,0,0,0,0,0,0,0,0,0,0,0,0,0,0,0,0,0,0,0,0,0,0,0,0,0,0,0
BOLD,Chordata,Actinopteri,Ovalentaria,Embiotocidae,Embiotoca,lateralis,Embiotoca lateralis,8163,0,0,0,0,0,0,0,0,0,0,0,0,0,0,0,0,0,0,0,0,0,0,0,0,0,0,0,0,0,0,0,0,0,0,0,0,0,0,0,0,0,0,0,0,0,0,0,0,0,0,0,144,0,0,0,0,0,0,0,0,0,0,0,0,20,0,0,0,0,0,0,0,7,3,0,0,0,0,0,0,0,0,0,0,0,0,0,0,0,0,0,0,0,0,0,0,0,0,0,0,0,0,0,0,0,0,0,0,0,0,0,0,0,0,0,0,0,0,0,0,0,0,0,0,0,0,0,0,0,0,0,0,0,0,0,0,0,0,0,0,0,0,0,0,0,0,0,0,0,0,0,804,251,31,52,5551,0,0,0,0,0,0,0,0,0,0,0,0,18,0,0,0,0,0,0,0,0,0,0,0,0,0,0,1274,0,0,0,0,0,0,0,0,0,0,0,0,0,0,0,0,0,0,0,0,0,0,0,0,0,8,0,0,0,0,0,0,0,0,0,0,0,0,0,0,0,0,0,0,0,0,0,0,0,0,0,0,0,0,0,0,0,0,0
BOLD,Chordata,Actinopteri,Ovalentaria,Embiotocidae,Embiotocidae,sp,Embiotocidae sp,306,0,0,0,0,0,0,0,0,0,0,0,0,0,0,0,0,0,0,0,0,0,0,0,0,0,0,0,0,0,0,0,0,0,0,0,0,0,0,0,0,0,0,0,0,0,0,0,0,0,0,0,0,2,0,0,0,0,0,0,0,0,0,0,0,0,0,0,0,0,0,0,0,0,2,0,0,0,0,0,0,0,0,0,0,0,0,22,0,0,0,0,0,0,0,0,0,0,0,0,0,0,0,0,0,0,0,0,0,0,0,0,0,0,0,0,0,0,0,0,0,0,0,0,3,0,0,0,0,0,0,0,0,0,0,0,0,0,0,0,0,0,0,0,0,0,0,0,0,0,0,0,49,84,8,0,14,0,0,0,0,0,0,0,0,0,0,0,0,0,8,0,2,0,0,0,0,0,0,0,0,0,0,0,72,0,0,0,0,0,0,0,0,0,0,0,0,0,0,0,0,0,0,0,0,0,0,0,0,0,0,0,0,0,0,0,0,0,0,0,0,0,0,9,0,0,0,0,0,0,0,0,0,0,2,0,0,0,0,0,0,29,0,0
BOLD,Chordata,Actinopteri,Clupeiformes,Engraulidae,Engraulis,mordax,Engraulis mordax,1888480,16,0,57,0,0,206,0,0,4,0,0,0,0,0,0,0,0,0,0,0,206,0,64,0,0,0,0,0,0,0,0,0,0,4,0,0,0,0,0,0,0,0,0,0,0,0,0,0,2,0,17,0,15,19,6,2,0,0,0,0,0,0,0,0,0,11,40,0,0,0,0,0,0,0,0,0,0,0,0,19,0,0,0,2,0,0,0,0,0,7381,0,0,6500,1268,28,50,0,0,2,6388,22493,7,17544,3515,0,0,0,0,15,26904,191,20,30,76436,0,0,81777,0,3589,17802,70,46,4113,0,162224,25941,78631,74655,96032,131034,0,10981,6,17289,0,30,0,64913,48741,53001,19067,0,0,24,0,0,5,0,21,30798,1143,4273,54,0,7,15213,8,27772,10,299,19523,0,0,0,10,7,2,0,6,4,4,299,4,28119,36372,26175,23406,28205,6855,4413,34,12,2,1562,5,4,0,3670,0,56650,20,25796,49039,6803,0,1427,27578,0,6305,26,0,0,0,0,81505,0,72447,56178,0,0,5327,16,13847,32,4663,0,0,0,0,0,49348,79754,26244,0,0,0,3047,46,0,0,4489,65,0,0,87,0,0,0,0,17,0,0,0
BOLD,Chordata,Actinopteri,Scorpaeniformes,Cottidae,Enophrys,bison,Enophrys bison,27181,0,0,0,0,0,0,0,0,0,0,0,0,0,0,0,0,0,0,0,0,0,0,0,0,0,0,0,0,0,0,0,0,0,0,0,0,0,0,0,0,0,0,0,0,0,0,0,0,0,0,0,0,0,0,0,0,11,6,0,6811,0,0,0,0,0,0,0,0,0,0,0,0,0,11,0,0,0,0,5007,0,0,0,2206,0,0,0,0,2316,0,0,0,0,0,0,0,0,0,0,0,0,2,0,0,0,0,0,0,0,0,0,0,0,0,5,0,0,0,0,0,2,0,2,0,0,0,0,0,0,0,0,0,0,0,0,0,0,0,0,0,0,0,0,0,0,0,0,0,0,0,0,0,0,0,0,0,0,0,0,0,0,0,0,0,17,0,3749,0,0,0,0,0,0,0,0,0,0,0,0,0,0,0,3399,0,0,0,0,0,0,0,0,0,0,0,13,0,0,0,0,0,0,0,0,0,0,0,0,0,0,0,7,0,0,0,0,0,0,0,0,0,0,0,0,0,0,3599,0,14,0,0,0,0,0,0,0,0,0,0,0,0,0,4,0,0
BOLD,Chordata,Actinopteri,Scorpaeniformes,Stichaeidae,Eumesogrammus,praecisus,Eumesogrammus praecisus,52,0,0,0,0,0,0,0,0,0,0,0,0,0,0,0,0,0,0,0,0,0,0,0,0,0,0,4,0,0,0,6,0,0,0,0,0,0,0,0,0,0,0,0,0,0,0,0,0,0,0,0,0,0,0,0,0,0,0,0,0,0,0,0,0,0,0,0,0,0,0,0,5,2,0,0,0,0,0,0,0,0,0,0,0,0,0,0,0,0,0,0,0,0,0,2,0,0,0,0,0,0,0,0,0,0,0,0,0,0,0,0,0,0,0,0,0,0,0,0,0,0,0,0,0,0,0,0,0,0,0,0,0,0,0,0,0,0,0,0,0,0,0,0,0,0,0,0,0,2,0,0,0,0,0,0,0,0,0,0,0,0,0,0,0,0,0,0,0,2,0,0,0,0,0,0,0,0,0,0,0,0,0,0,0,0,0,0,0,0,0,0,0,0,0,0,0,0,0,0,0,0,0,0,0,0,0,0,0,0,0,0,0,0,0,0,0,0,0,6,0,0,0,0,0,0,0,23,0,0,0,0,0,0,0,0,0,0,0,0,0,0,0,0
BOLD,Chordata,Actinopteri,Gadiformes,Gadidae,Gadus,chalcogrammus,Gadus chalcogrammus,850394,0,0,0,0,0,9,246,0,0,0,0,0,17,0,31,0,0,0,0,0,117,191,2,0,0,0,0,3,0,9,0,2,0,0,39,0,18,0,0,0,24731,10,2,28,5,0,0,22015,0,7,0,2,9,2,3,0,21085,14235,11327,25,0,0,0,0,106,40,14366,4,0,0,0,9,20,84476,3889,0,0,12950,0,910,0,17825,30,0,0,0,14,12,0,0,0,0,125,4,147,91,0,0,0,0,598,0,15493,8,0,0,0,0,967,0,0,36,0,0,0,10,0,13,0,0,0,0,0,0,89,0,94,17,55452,0,163393,22,13765,12,0,0,0,0,33,0,13,0,25044,0,6,168,0,0,6934,0,0,0,365,0,2,2020,0,0,0,0,46679,18,13395,10689,7053,4644,3749,0,0,0,95,66,0,0,0,0,7981,0,9762,0,23719,0,0,1325,3,7,20387,26,0,0,13,0,13676,0,3410,9,0,2,0,84,2,134,397,0,0,0,2,9,4,127393,0,0,0,0,0,142,124,222,30,0,0,0,0,29,31,22,1428,0,0,2,2,0,0,89,37,0,0,0,0,36,7,39718,0
BOLD,Chordata,Actinopteri,Gadiformes,Gadidae,Gadus,macrocephalus,Gadus macrocephalus,604956,0,0,0,0,24,6,10,29,0,0,0,0,105,0,0,23,0,18,0,0,0,486,0,0,0,0,0,14,9,9,0,0,0,0,0,0,0,0,0,0,3,0,0,22,0,0,0,0,0,59,0,311,0,0,23101,0,88,11,232838,25,0,0,0,0,0,0,0,0,0,0,0,49,0,0,49,0,0,23612,0,6,201,2461,0,0,0,0,0,651,0,0,0,28,0,0,3,5,0,0,0,5,27397,0,0,0,0,0,0,0,62779,0,0,4,0,0,0,33888,0,4,4,0,0,0,0,42,17,0,44,0,5,2,2253,58681,0,0,0,0,0,0,0,0,0,0,0,0,0,0,0,0,2,0,0,0,0,4,93,5,0,0,0,0,801,0,0,0,3,1889,0,523,7,0,5,0,0,0,0,0,0,0,10,2681,6515,0,0,0,5,0,11,41,0,0,86522,0,0,0,7181,939,0,0,0,0,0,6,0,0,0,0,0,0,0,0,0,0,0,0,1747,0,0,65,75,0,0,0,0,0,0,60,0,0,0,0,0,0,0,0,0,0,0,0,0,0,37,26339,9
BOLD,Chordata,Actinopteri,Gadiformes,Gadidae,Gadus,sp,Gadus sp,174334,0,0,0,0,0,0,35,0,0,0,0,0,0,0,0,0,0,0,0,0,0,65,480,0,0,0,0,0,0,0,0,0,0,0,0,0,0,0,0,0,54,0,0,3,0,0,0,48,0,0,0,0,0,0,26,0,5,40,5464,2,0,0,0,0,0,3,34,2,0,0,0,0,0,211,15,0,0,44,0,29,0,4800,0,0,0,0,0,0,0,0,0,0,0,0,0,20,0,0,0,0,15,0,43,0,0,0,0,0,94,0,0,0,0,0,0,31,0,0,0,0,0,0,0,0,0,0,2,0,137,0,28115,48,33334,0,0,0,0,0,0,0,0,0,79,0,0,0,0,0,16,0,0,0,3,0,0,2,0,0,0,0,98,0,42,31,8,7,4,0,0,20,875,0,0,0,0,0,18,0,31,0,43,0,0,2,0,0,51,82,0,0,89,0,47,0,24,8,0,0,0,8,0,9,10,0,0,0,0,0,2,35183,0,0,0,0,0,0,3,14,3,0,0,0,0,0,9,18,9,0,0,0,0,0,0,2,0,0,0,0,0,19,6,64252,8
BOLD,Chordata,Actinopteri,Scorpaeniformes,Gasterosteidae,Gasterosteus,aculeatus,Gasterosteus aculeatus,684253,2,3,0,22,1186,0,0,0,0,0,0,0,16,28537,5,0,0,27124,0,242,0,0,0,0,0,0,0,21,0,0,19,0,0,0,2325,0,767,0,0,0,0,0,0,4,0,0,0,2,13817,567,317,384,396,0,5,0,0,0,0,0,0,0,0,1944,306,0,0,2956,4,0,0,0,0,0,0,0,0,0,1824,672,0,0,440,0,0,0,0,755,0,21259,3,1705,2112,5529,0,0,0,0,0,0,15,61335,0,2365,2,4407,4,748,0,15174,7913,0,0,4,4363,16840,30137,5,257,0,7772,0,10348,1870,4395,0,14070,0,12326,4996,0,470,6,13741,0,5810,68,0,2884,2554,7469,134036,0,43796,434,0,0,9121,0,0,0,1548,0,0,0,15678,0,0,0,403,6,0,0,0,0,6625,0,525,0,0,0,0,0,0,0,4,0,0,0,6328,0,0,4,944,4199,3692,4505,2648,0,0,0,0,0,0,0,3359,0,0,2,350,2236,655,2291,0,0,0,3100,10,0,21,0,11,0,3,6591,0,0,0,1916,0,7733,0,12298,27,6,0,37214,0,2,0,5001,1154,1340,0,2356,0,0,0,4,0,54,0,14405
BOLD,Chordata,Actinopteri,Gobiesociformes,Gobiesocidae,Gobiesox,maeandricus,Gobiesox maeandricus,3671,0,0,0,0,0,0,0,0,0,0,0,0,0,0,0,0,0,0,0,0,179,0,0,0,0,0,0,0,0,0,0,0,0,0,232,0,0,0,0,0,0,0,0,0,0,0,0,0,0,0,0,135,0,0,0,0,0,0,0,0,0,0,0,0,0,0,0,0,0,0,0,0,0,0,0,0,0,0,0,247,0,84,0,0,0,0,0,2,0,0,0,0,0,0,0,202,0,0,0,0,0,0,0,0,0,0,0,0,0,0,0,0,0,0,0,0,0,0,0,0,0,0,0,68,0,138,96,0,0,0,0,0,0,0,0,0,0,0,0,0,0,0,0,0,0,0,0,0,0,0,0,0,122,0,622,0,0,0,0,0,9,0,0,0,0,0,0,0,311,0,138,0,0,0,0,0,0,0,0,0,0,0,0,0,0,0,0,0,0,0,0,0,0,0,0,0,0,0,0,0,0,0,0,0,0,0,0,0,0,0,0,0,0,0,0,43,104,0,723,0,0,0,0,0,0,0,0,0,0,0,0,0,0,216,0,0,0,0,0,0,0,0,0
BOLD,Chordata,Actinopteri,Scorpaeniformes,Cottidae,Hemilepidotus,hemilepidotus,Hemilepidotus hemilepidotus,57009,0,0,0,0,0,0,0,0,0,0,0,0,30,0,0,0,0,0,19,5883,0,0,0,0,0,0,0,12,0,0,0,0,2,0,0,0,0,0,0,0,0,0,0,5,0,0,0,0,0,0,0,0,0,0,0,0,0,0,0,0,0,22548,0,0,0,0,0,0,2,27727,0,43,0,0,12,0,0,0,0,0,0,0,0,0,0,0,0,0,0,0,0,0,0,0,0,388,0,0,0,0,0,0,0,0,0,0,0,0,0,0,0,0,0,0,0,0,0,0,0,0,0,0,0,0,0,0,0,0,0,0,0,0,0,0,0,0,0,0,0,0,0,0,0,0,0,0,0,0,0,0,0,0,0,0,333,0,0,0,0,0,0,0,0,0,0,0,0,0,0,0,0,0,0,0,0,0,0,0,0,0,0,0,0,0,0,0,0,0,0,0,0,0,0,0,0,0,0,0,0,0,0,0,0,0,0,0,0,0,0,0,0,0,0,0,0,0,0,0,0,0,0,0,0,0,0,5,0,0,0,0,0,0,0,0,0,0,0,0,0,0,0,0,0
BOLD,Chordata,Actinopteri,Scorpaeniformes,Cottidae,Hemilepidotus,jordani,Hemilepidotus jordani,235,0,0,0,0,0,0,0,0,0,0,0,0,0,0,0,0,0,0,0,0,0,0,0,0,0,0,0,0,0,0,0,0,0,0,0,0,0,0,0,0,0,0,0,0,0,0,0,0,0,0,0,0,0,0,0,0,2,0,0,0,0,22,0,0,0,0,0,0,0,4,0,0,0,0,0,0,0,0,0,0,0,0,0,0,0,0,0,0,0,0,0,0,0,0,0,205,0,0,0,0,0,0,0,0,0,0,0,0,0,0,0,0,0,0,0,0,0,0,0,0,0,0,0,0,0,0,0,2,0,0,0,0,0,0,0,0,0,0,0,0,0,0,0,0,0,0,0,0,0,0,0,0,0,0,0,0,0,0,0,0,0,0,0,0,0,0,0,0,0,0,0,0,0,0,0,0,0,0,0,0,0,0,0,0,0,0,0,0,0,0,0,0,0,0,0,0,0,0,0,0,0,0,0,0,0,0,0,0,0,0,0,0,0,0,0,0,0,0,0,0,0,0,0,0,0,0,0,0,0,0,0,0,0,0,0,0,0,0,0,0,0,0,0
BOLD,Chordata,Actinopteri,Scorpaeniformes,Hexagrammidae,Hexagrammidae,sp,Hexagrammidae sp,99,0,0,0,0,0,0,0,0,0,0,0,0,0,0,0,0,0,0,0,0,0,3,0,0,0,0,0,0,6,0,0,0,0,0,0,0,0,0,0,0,0,0,0,0,0,0,0,0,0,0,0,0,0,0,0,0,0,0,0,0,0,0,0,0,0,0,2,0,0,0,0,0,0,0,0,0,0,0,0,2,2,0,0,0,0,0,0,0,0,0,0,0,0,0,0,7,0,0,0,0,0,0,0,0,0,0,0,0,0,0,0,0,0,0,0,0,0,0,0,0,0,0,0,0,0,0,0,0,0,0,0,0,0,0,0,0,0,0,0,0,0,0,0,0,0,0,0,0,0,0,0,0,3,0,11,0,0,0,0,0,0,0,0,0,0,0,0,0,0,2,0,0,0,0,0,0,0,0,0,0,0,0,0,0,0,0,0,0,0,0,0,0,0,0,0,0,0,0,0,13,0,0,0,0,0,0,0,0,0,0,0,0,0,0,0,2,0,0,0,0,0,0,0,0,0,0,0,0,0,0,0,0,0,46,0,0,0,0,0,0,0,0,0
BOLD,Chordata,Actinopteri,Scorpaeniformes,Hexagrammidae,Hexagrammos,decagrammus,Hexagrammos decagrammus,59593,0,0,0,0,594,162,0,0,0,0,0,0,30,17,47,0,0,0,0,0,200,289,211,0,0,0,0,39,22442,5,2,0,0,0,0,0,15,0,0,0,0,5,10,9,0,0,0,0,0,2,27213,0,28,0,0,0,68,36,17,16,0,0,0,0,31,0,164,20,0,0,0,12,0,21,0,0,0,0,0,449,114,402,0,0,0,0,0,0,0,0,0,0,53,0,850,480,0,0,0,0,0,0,0,0,0,0,0,0,248,0,0,0,0,0,0,0,0,0,0,0,0,0,0,0,109,39,0,0,0,0,0,0,0,0,0,0,0,0,0,0,0,0,0,0,0,0,0,0,0,0,0,0,348,0,302,0,0,0,0,0,0,0,5,0,0,0,0,0,0,584,0,1099,0,0,0,0,0,0,0,0,0,0,0,0,2,0,0,0,0,0,0,0,0,0,0,0,0,0,0,362,0,0,0,0,0,0,0,0,0,11,2,0,0,0,0,599,95,74,0,0,0,2,0,15,0,9,12,0,0,0,0,27,0,1559,0,0,0,0,0,11,11,2,13
BOLD,Chordata,Actinopteri,Scorpaeniformes,Hexagrammidae,Hexagrammos,lagocephalus,Hexagrammos lagocephalus,2749,0,0,0,0,0,0,0,0,0,0,0,0,0,0,0,0,0,0,0,0,0,0,0,0,0,0,0,0,0,0,0,0,0,0,0,0,10,0,0,0,0,0,0,3,2,0,0,0,0,0,2,0,26,0,0,0,0,0,0,0,0,0,0,0,0,0,125,0,0,0,0,0,0,0,0,0,0,0,0,0,0,0,12,0,0,0,0,2,0,0,0,0,0,0,0,120,0,0,0,0,0,0,0,2,0,0,0,0,0,0,0,0,0,0,0,0,0,0,0,0,0,0,0,0,0,111,12,0,0,0,0,0,0,0,0,0,0,0,0,0,0,0,0,0,0,0,0,0,0,0,0,0,390,0,887,0,0,0,0,0,0,0,0,0,0,0,0,0,211,0,33,0,0,0,0,0,0,0,12,0,0,0,0,0,0,0,0,0,0,0,0,0,0,0,0,0,0,0,0,105,0,0,0,0,0,0,0,0,18,0,3,0,0,0,0,0,0,0,0,0,0,0,0,0,3,0,0,0,0,0,0,0,0,568,0,0,0,0,0,92,0,0,0
BOLD,Chordata,Elasmobranchii,Hexanchiformes,Hexanchidae,Hexanchus,griseus,Hexanchus griseus,2735,0,0,0,0,0,0,0,0,0,0,0,0,0,0,1673,0,0,0,0,0,0,0,0,0,0,0,0,0,0,0,0,0,0,0,0,0,0,0,0,0,0,0,0,0,0,0,0,0,0,0,0,0,0,0,0,0,0,0,0,0,0,0,0,0,0,0,0,0,0,0,0,0,0,0,0,0,0,0,0,0,0,0,0,0,0,0,0,0,0,0,0,0,0,0,0,0,0,0,0,0,0,0,0,0,0,0,0,0,0,0,0,0,0,0,0,0,0,0,0,0,0,0,0,0,0,0,0,0,0,0,0,0,1062,0,0,0,0,0,0,0,0,0,0,0,0,0,0,0,0,0,0,0,0,0,0,0,0,0,0,0,0,0,0,0,0,0,0,0,0,0,0,0,0,0,0,0,0,0,0,0,0,0,0,0,0,0,0,0,0,0,0,0,0,0,0,0,0,0,0,0,0,0,0,0,0,0,0,0,0,0,0,0,0,0,0,0,0,0,0,0,0,0,0,0,0,0,0,0,0,0,0,0,0,0,0,0,0,0,0,0,0,0,0
BOLD,Chordata,Actinopteri,Pleuronectiformes,Pleuronectidae,Hippoglossus,sp,Hippoglossus sp,811,0,0,0,0,0,0,0,0,0,0,0,0,18,0,0,0,0,0,0,0,0,0,0,0,0,0,0,0,0,0,0,0,0,0,92,0,0,0,0,0,0,0,0,0,0,0,0,0,0,0,0,0,0,0,0,0,0,0,0,0,0,0,0,0,0,0,0,0,0,0,0,20,0,0,0,0,0,0,0,0,0,0,0,0,0,0,0,0,0,0,0,0,0,0,0,0,0,0,0,0,0,0,0,0,0,0,0,0,0,0,0,0,0,0,0,0,0,0,0,0,0,0,0,0,0,2,0,0,69,0,0,0,0,0,0,0,0,0,0,0,0,0,0,0,0,0,0,0,0,0,10,0,0,0,0,0,0,0,0,0,0,0,84,0,0,0,192,0,0,0,0,0,0,0,0,0,0,0,34,0,125,0,29,0,0,0,2,0,2,0,0,0,0,0,63,0,0,0,0,0,0,0,46,0,0,0,0,0,3,0,0,0,0,0,0,0,0,0,18,0,0,0,0,0,0,0,0,0,0,0,0,0,0,0,0,0,0,0,0,2,0,0,0
BOLD,Chordata,Holocephali,Chimaeriformes,Chimaeridae,Hydrolagus,colliei,Hydrolagus colliei,83511,0,0,20588,0,0,0,2,0,0,0,6123,0,2,8,2,0,0,0,0,0,0,67,0,0,0,337,0,0,0,0,2406,0,0,0,0,0,0,0,0,0,0,0,0,0,0,0,0,0,0,0,0,8,0,0,0,0,0,0,0,2,0,0,3,1123,0,0,0,0,0,0,0,0,0,50,3,0,0,35,0,4,0,0,5,7068,0,1686,0,0,0,0,0,0,0,0,12,0,0,0,0,0,0,0,0,0,0,0,3213,0,8,0,0,0,0,0,0,0,0,0,0,3,0,0,0,0,0,1789,0,0,18984,0,0,0,20,0,0,16,131,0,0,0,0,0,183,0,0,0,0,0,0,0,0,0,0,0,0,0,0,0,0,0,4,0,0,0,0,0,0,0,0,3,6,0,0,0,12,0,0,0,0,0,0,0,0,0,0,6,0,0,0,0,0,2,0,0,0,0,3,4,0,0,0,13,11,0,0,0,0,0,0,0,0,0,0,0,0,0,0,11,6,0,0,0,0,4,0,15323,8,0,0,0,0,0,0,0,0,0,0,146,0,0,0,4066,2
BOLD,Chordata,Actinopteri,Scorpaeniformes,Agonidae,Hypsagonus,quadricornis,Hypsagonus quadricornis,12075,0,0,0,0,0,0,0,0,0,0,0,0,0,0,0,0,0,0,0,0,0,0,0,0,0,0,0,0,0,0,0,0,0,0,0,0,0,0,0,0,0,0,0,0,0,0,0,12075,0,0,0,0,0,0,0,0,0,0,0,0,0,0,0,0,0,0,0,0,0,0,0,0,0,0,0,0,0,0,0,0,0,0,0,0,0,0,0,0,0,0,0,0,0,0,0,0,0,0,0,0,0,0,0,0,0,0,0,0,0,0,0,0,0,0,0,0,0,0,0,0,0,0,0,0,0,0,0,0,0,0,0,0,0,0,0,0,0,0,0,0,0,0,0,0,0,0,0,0,0,0,0,0,0,0,0,0,0,0,0,0,0,0,0,0,0,0,0,0,0,0,0,0,0,0,0,0,0,0,0,0,0,0,0,0,0,0,0,0,0,0,0,0,0,0,0,0,0,0,0,0,0,0,0,0,0,0,0,0,0,0,0,0,0,0,0,0,0,0,0,0,0,0,0,0,0,0,0,0,0,0,0,0,0,0,0,0,0,0,0,0,0,0,0
BOLD,Chordata,Actinopteri,Scorpaeniformes,Cottidae,Icelinus,borealis,Icelinus borealis,174,0,0,0,0,0,0,0,0,0,0,0,0,0,0,0,0,0,0,0,0,0,0,0,0,0,0,0,0,0,20,0,0,0,0,0,0,0,0,0,0,0,0,0,0,0,0,0,0,0,0,0,0,0,0,0,0,0,0,0,0,0,0,0,0,0,0,0,0,0,0,0,0,0,0,0,0,0,0,0,0,0,0,0,0,0,0,0,0,0,0,0,0,0,0,43,0,0,0,0,2,0,0,0,0,0,0,0,0,0,0,0,0,0,0,0,0,0,0,0,0,0,0,0,0,0,0,0,0,0,0,0,0,0,0,0,0,0,0,0,0,0,0,0,0,0,0,0,0,0,0,0,0,0,0,0,0,0,0,0,0,0,0,0,0,0,0,0,0,0,0,0,0,0,0,0,0,0,0,0,0,0,0,0,0,0,0,0,0,0,0,0,0,0,0,0,0,0,0,0,0,0,0,0,0,0,0,0,0,0,0,20,0,0,0,0,89,0,0,0,0,0,0,0,0,0,0,0,0,0,0,0,0,0,0,0,0,0,0,0,0,0,0,0
BOLD,Chordata,Actinopteri,Scorpaeniformes,Cottidae,Icelinus,burchami,Icelinus burchami,13359,0,0,0,0,0,0,0,0,0,0,0,0,0,0,0,0,0,0,0,0,0,0,0,0,0,0,0,0,0,0,0,0,0,0,0,0,0,0,0,0,0,0,0,0,0,0,0,0,0,0,0,0,0,0,0,0,0,0,0,0,0,0,0,0,0,0,0,0,0,0,0,0,0,0,0,0,0,0,0,0,0,0,0,0,0,0,0,0,0,0,0,0,0,0,0,0,0,0,0,0,0,0,0,0,0,0,0,0,0,0,0,0,0,0,0,0,0,0,0,0,0,0,0,0,0,0,0,0,0,0,0,0,0,0,0,0,0,0,0,0,0,0,0,0,0,0,0,0,0,0,0,0,0,0,0,0,0,0,0,0,0,0,0,0,0,0,0,0,0,0,0,0,0,0,0,0,0,0,0,0,0,0,0,0,0,0,0,0,0,0,0,0,0,0,0,0,0,0,0,0,0,0,0,0,0,0,0,0,0,0,0,0,0,0,0,0,0,0,0,0,0,0,0,0,0,2,0,0,0,0,0,0,0,0,0,0,0,0,0,0,0,13352,5
BOLD,Chordata,Actinopteri,Scorpaeniformes,Cottidae,Icelinus,filamentosus,Icelinus filamentosus,121,0,0,0,0,0,0,0,0,0,0,0,0,0,0,0,0,0,0,0,0,0,0,0,0,0,0,0,0,0,0,0,0,0,0,0,0,0,0,0,0,0,0,0,0,0,0,0,0,0,0,0,0,0,0,0,0,0,0,0,0,0,0,0,0,10,0,0,0,0,0,0,0,6,0,3,0,0,0,0,0,0,0,0,0,0,0,0,0,0,0,0,0,95,0,0,0,0,0,0,0,0,0,0,0,0,0,0,0,0,0,0,0,0,0,0,0,0,0,0,0,0,0,0,0,0,0,0,0,0,0,0,0,0,0,0,0,0,0,0,0,0,0,0,0,0,0,0,0,0,0,0,0,0,0,0,0,0,0,0,0,0,0,0,0,0,0,0,0,0,0,0,0,0,0,0,0,0,0,0,0,0,0,0,0,0,0,0,0,0,0,0,0,0,0,0,0,0,0,0,0,0,0,0,0,0,0,0,0,0,0,0,0,0,0,0,0,0,0,0,0,0,0,0,0,0,0,7,0,0,0,0,0,0,0,0,0,0,0,0,0,0,0,0
BOLD,Chordata,Actinopteri,Scorpaeniformes,Cottidae,Icelinus,fimbriatus,Icelinus fimbriatus,19,0,0,0,0,0,0,0,0,0,0,0,0,0,0,0,0,0,0,0,0,0,0,0,0,0,0,0,0,0,0,0,0,0,0,0,0,0,0,0,0,0,0,0,0,0,0,0,0,0,0,0,0,0,0,0,0,0,0,0,0,0,0,0,0,0,0,0,0,0,0,0,0,0,0,0,0,0,0,0,0,0,0,0,0,0,0,0,0,0,0,0,0,0,0,0,0,0,0,0,0,0,0,0,0,0,0,0,0,19,0,0,0,0,0,0,0,0,0,0,0,0,0,0,0,0,0,0,0,0,0,0,0,0,0,0,0,0,0,0,0,0,0,0,0,0,0,0,0,0,0,0,0,0,0,0,0,0,0,0,0,0,0,0,0,0,0,0,0,0,0,0,0,0,0,0,0,0,0,0,0,0,0,0,0,0,0,0,0,0,0,0,0,0,0,0,0,0,0,0,0,0,0,0,0,0,0,0,0,0,0,0,0,0,0,0,0,0,0,0,0,0,0,0,0,0,0,0,0,0,0,0,0,0,0,0,0,0,0,0,0,0,0,0
BOLD,Chordata,Actinopteri,Scorpaeniformes,Cottidae,Jordania,zonope,Jordania zonope,18375,0,0,0,0,0,0,0,0,0,0,0,0,0,0,0,0,0,0,0,0,112,0,0,0,0,0,0,0,0,0,0,0,0,0,110,0,0,0,0,0,0,7,0,6,5,0,0,0,0,0,0,344,0,0,0,0,0,0,0,0,0,0,0,0,0,0,0,44,0,0,0,0,0,0,0,0,0,0,0,0,230,0,127,0,0,0,0,5,0,0,0,0,0,0,0,0,0,0,0,0,0,0,0,0,0,0,0,0,26,0,0,0,0,0,0,0,0,0,0,0,0,0,0,0,0,0,0,0,0,0,0,0,0,0,0,0,0,0,0,0,0,0,0,0,0,0,0,0,0,0,0,0,61,0,52,0,0,0,0,0,0,0,2,0,0,0,0,0,0,0,0,0,0,0,0,0,0,0,0,0,0,0,0,0,0,0,0,0,0,0,0,0,0,0,0,0,0,0,0,12,0,0,0,0,0,0,0,5,14121,3,3002,0,0,0,0,0,95,0,0,0,0,0,0,0,0,0,0,0,0,0,0,0,0,0,0,0,0,0,0,0,3,0,3
BOLD,Chordata,Mammalia,Artiodactyla,Delphinidae,Lagenorhynchus,obliquidens,Lagenorhynchus obliquidens,11663,0,0,0,0,0,0,0,0,0,0,0,0,7,6736,0,0,0,0,0,0,0,0,0,3104,0,0,0,0,0,0,1804,0,0,0,0,0,0,0,0,0,0,0,0,0,0,0,0,0,0,0,0,0,0,0,0,0,0,0,0,0,0,0,0,0,0,0,0,0,0,0,0,0,0,0,0,0,0,0,0,2,0,0,0,0,0,0,0,0,0,0,0,0,0,0,0,7,0,0,0,0,0,0,0,0,0,0,0,0,0,0,0,0,0,0,0,0,0,0,0,0,0,0,0,0,0,0,0,0,0,0,0,0,0,0,0,0,0,0,0,0,0,0,0,0,0,0,0,0,0,0,0,0,0,0,0,0,0,0,0,0,0,0,0,0,0,0,0,0,0,0,0,0,0,0,0,0,0,0,0,0,0,0,0,0,0,0,0,0,0,0,0,0,0,0,0,0,0,0,0,0,0,0,0,0,0,0,0,0,0,3,0,0,0,0,0,0,0,0,0,0,0,0,0,0,0,0,0,0,0,0,0,0,0,0,0,0,0,0,0,0,0,0,0
BOLD,Chordata,Actinopteri,Gobiiformes,Oxudercidae,Lepidogobius,lepidus,Lepidogobius lepidus,8697,0,0,0,0,0,0,0,0,0,0,0,0,0,0,0,5,0,0,0,0,0,0,0,0,0,0,0,0,0,0,0,0,0,0,148,0,0,0,0,0,0,0,0,0,0,0,0,0,0,0,0,0,0,0,0,0,0,0,0,0,0,0,0,0,0,0,0,0,0,0,0,0,0,0,0,0,0,0,0,138,0,0,0,0,0,0,0,0,0,0,0,0,0,0,71,0,0,0,0,0,0,0,0,0,0,0,0,0,0,0,0,0,0,0,0,0,0,0,0,0,0,0,0,0,0,0,0,0,0,0,0,0,0,0,0,0,0,0,0,0,0,0,0,0,0,291,0,0,0,0,0,0,0,0,0,407,0,0,0,0,0,6387,0,0,0,0,0,0,0,0,0,926,0,0,0,0,0,0,0,0,0,0,0,0,0,0,0,0,0,0,0,0,0,0,0,0,0,0,0,120,0,0,0,0,0,0,0,0,0,0,0,0,0,0,0,0,0,0,0,0,0,0,0,0,0,0,0,0,0,0,0,0,0,204,0,0,0,0,0,0,0,0,0
BOLD,Chordata,Actinopteri,Pleuronectiformes,Pleuronectidae,Lepidopsetta,bilineata,Lepidopsetta bilineata,4041,0,0,0,0,318,0,0,0,0,0,0,0,0,0,0,13,0,0,0,0,702,1414,0,0,0,0,0,0,0,0,0,0,0,0,0,0,0,0,0,0,0,0,0,20,4,0,0,0,0,0,0,0,0,0,0,0,0,0,0,11,0,0,0,0,20,0,0,0,4,0,0,0,0,0,0,0,0,0,0,0,6,0,0,0,0,0,9,0,0,0,2,0,0,0,0,0,0,0,27,0,0,131,17,0,0,0,7,0,0,0,0,0,0,0,0,59,24,0,0,0,0,2,0,0,0,0,0,0,0,0,0,0,20,5,0,0,0,2,0,0,0,0,18,0,0,0,0,0,0,0,14,0,0,0,0,2,0,0,57,0,14,0,105,0,0,0,16,0,0,0,43,0,0,29,21,0,61,0,22,0,9,0,13,0,0,0,66,0,162,0,66,0,102,0,130,0,0,0,0,0,0,0,0,0,0,0,0,0,0,0,0,0,0,0,0,0,0,0,0,0,0,0,0,21,0,0,0,0,0,0,0,190,0,27,0,0,0,0,0,36,0,0,0
BOLD,Chordata,Actinopteri,Pleuronectiformes,Pleuronectidae,Lepidopsetta,polyxystra,Lepidopsetta polyxystra,4491,0,0,0,0,0,0,0,0,0,0,0,0,0,0,0,0,0,0,0,0,0,0,0,0,0,0,0,0,0,22,2,0,0,0,0,0,0,0,0,0,0,0,0,0,2,0,0,0,0,0,0,0,0,0,0,0,10,0,0,0,0,0,0,0,0,0,0,0,0,0,0,4,0,4,0,0,0,0,0,0,0,0,0,0,0,0,0,0,0,0,0,0,0,0,0,0,0,0,0,0,0,0,0,0,0,0,0,0,0,0,0,0,0,0,0,0,0,0,0,0,0,0,0,0,0,0,0,0,0,0,0,0,0,3961,0,0,0,0,0,0,0,0,0,0,0,0,0,0,0,0,0,0,0,0,0,0,0,0,0,0,0,0,0,0,0,0,0,0,0,432,0,0,0,0,0,0,0,0,3,0,0,0,0,0,0,0,0,0,0,0,0,0,0,0,6,0,0,0,0,0,0,0,0,0,0,0,0,0,0,0,0,0,0,0,0,0,0,0,0,0,0,0,0,0,0,4,11,0,0,0,0,0,0,0,0,0,0,0,0,0,30,0,0
BOLD,Chordata,Actinopteri,Perciformes,Centrarchidae,Lepomis,gibbosus,Lepomis gibbosus,67,0,0,0,0,0,0,0,0,0,0,0,0,0,0,0,0,0,0,0,0,0,0,0,0,0,0,0,0,0,0,0,0,0,0,0,0,0,0,0,0,0,0,0,0,0,0,0,0,0,0,0,0,0,0,0,0,0,0,0,0,0,0,0,0,0,0,0,0,0,0,0,0,0,0,0,0,0,0,0,0,0,0,0,0,0,0,0,0,0,0,0,0,0,0,0,0,0,0,0,0,0,0,0,0,0,0,0,0,0,0,0,0,0,0,0,0,0,0,0,0,0,0,0,0,0,0,0,0,0,0,0,0,0,0,0,0,0,0,0,0,0,0,0,0,0,0,0,0,0,0,0,0,0,0,0,0,0,0,0,0,0,0,0,0,0,0,0,0,0,0,0,0,0,0,0,2,0,0,0,0,0,0,0,0,0,0,0,0,0,0,0,0,0,0,0,0,0,0,0,0,65,0,0,0,0,0,0,0,0,0,0,0,0,0,0,0,0,0,0,0,0,0,0,0,0,0,0,0,0,0,0,0,0,0,0,0,0,0,0,0,0,0,0
BOLD,Chordata,Actinopteri,Scorpaeniformes,Stichaeidae,Leptoclinus,maculatus,Leptoclinus maculatus,21,0,0,0,0,0,0,0,0,0,0,0,0,0,0,0,0,0,0,0,0,0,0,0,0,0,0,0,0,0,0,6,0,0,0,0,0,0,0,0,0,0,0,0,0,0,0,0,0,0,0,0,0,0,0,0,0,0,0,0,0,0,0,0,0,0,0,0,0,0,0,0,0,2,0,0,0,0,0,0,0,0,0,0,0,0,0,0,0,0,0,0,0,0,0,3,0,0,0,0,0,0,0,0,0,0,0,0,0,0,0,0,0,0,0,0,0,0,0,0,0,0,0,0,0,0,0,0,0,0,0,0,0,0,0,0,0,0,0,0,0,0,0,0,0,0,0,0,0,0,0,0,0,0,0,2,0,0,0,0,0,0,0,0,0,0,0,0,0,3,0,0,0,0,0,0,0,0,0,0,0,0,0,0,0,0,0,0,0,0,0,0,0,0,0,0,0,0,0,0,0,0,0,0,0,0,0,0,0,0,0,0,0,0,0,0,0,0,0,5,0,0,0,0,0,0,0,0,0,0,0,0,0,0,0,0,0,0,0,0,0,0,0,0
BOLD,Chordata,Actinopteri,Scorpaeniformes,Cottidae,Leptocottus,armatus,Leptocottus armatus,314476,0,0,0,13690,0,0,0,0,0,0,0,0,0,15,0,0,0,0,0,0,0,607,0,0,0,0,0,11,7,0,2,0,0,0,0,0,0,0,0,40644,0,15724,0,0,4649,0,0,0,5231,0,0,0,654,0,0,0,0,0,0,6,0,3207,0,0,868,0,0,0,0,0,0,0,4,0,5,0,0,0,7256,0,0,0,0,0,0,0,3,5758,0,0,0,1576,0,0,0,0,0,0,0,0,0,0,2,0,0,0,0,0,0,0,0,0,0,0,0,0,0,0,3,0,0,0,0,0,0,0,4149,0,0,0,23351,0,10671,0,0,0,0,903,0,0,0,0,0,11893,0,0,0,3237,0,0,0,0,0,0,0,1218,0,0,0,0,0,2,0,1410,0,0,0,0,0,4659,0,0,0,0,0,0,5,0,0,4,0,0,0,0,1570,688,641,0,0,0,0,0,0,0,11,6066,0,0,0,125420,2262,0,0,0,0,0,0,0,0,2,2,0,0,0,827,0,0,0,0,0,0,0,0,0,0,10,0,0,0,0,35,0,0,0,0,0,0,0,0,0,15518,0,0
BOLD,Chordata,Actinopteri,Argentiniformes,Bathylagidae,Leuroglossus,schmidti,Leuroglossus schmidti,1714132,0,0,0,0,0,11,0,769,0,22673,57379,0,253291,19,34503,30,97989,569,5,13894,0,34057,18561,6,156619,0,2,45888,0,16,2363,31610,81839,0,8,0,0,2,74307,0,6,0,5089,62,0,5,0,18,0,39323,0,49,31,4,0,0,34,0,16217,0,0,0,38,0,2,0,7797,90,0,0,0,0,0,24012,0,0,0,17140,83,0,13,2,0,2,0,6,5,6,0,0,0,0,96,0,116,0,0,0,26391,0,12763,0,10771,10,0,11,0,0,58,0,5,0,0,0,0,18119,0,75711,0,5,0,13839,0,2,0,0,210,0,23500,0,1769,23,15862,18,0,0,0,0,27,0,2,0,0,0,0,191,0,0,0,0,0,0,0,136,18,0,0,0,0,0,0,0,0,0,0,0,0,0,26,0,0,0,0,0,0,0,0,0,0,0,0,0,0,0,0,72,4,62,0,0,0,0,0,0,0,0,26647,0,22910,68018,0,36,77,0,0,0,0,22636,13,13,2673,55192,5,0,0,3,2,127,26,0,0,0,2,51763,69,44552,3033,18053,28146,27381,1165,296,85,0,0,2,2,0,0,35255,51365,0,18324
MIDORI16S,Chordata,Actinopteri,Perciformes,Liparidae,Liparidae,sp,Liparidae sp,29862,0,0,0,0,0,0,0,0,0,0,0,0,0,0,0,10,0,0,0,0,0,0,0,0,0,0,0,0,0,0,0,0,0,0,0,0,0,0,0,0,0,0,0,0,0,0,0,0,0,0,0,0,0,0,0,0,0,0,7379,0,0,0,0,0,3,0,0,0,0,0,0,0,6807,0,0,0,0,15050,0,0,0,0,0,0,0,0,2,2,0,0,0,0,0,0,0,0,0,0,0,0,0,0,0,0,0,0,0,0,0,0,559,0,0,0,0,0,0,0,0,0,0,0,0,0,0,0,0,0,0,0,32,0,0,0,0,0,0,0,0,0,0,0,0,0,0,0,0,0,0,0,0,0,0,0,0,0,0,0,0,0,0,0,0,0,0,0,8,0,0,0,0,0,0,0,0,0,0,0,0,0,0,0,0,0,0,0,0,0,0,0,0,0,0,0,0,0,0,0,0,0,0,0,0,0,0,0,0,0,0,0,0,0,0,0,0,0,0,0,0,0,0,0,0,0,0,0,0,0,0,0,0,0,0,0,0,0,0,0,0,10,0,0,0
BOLD,Chordata,Actinopteri,Scorpaeniformes,Liparidae,Liparis,cyclopus,Liparis cyclopus,39018,0,0,0,0,0,0,288,0,0,0,0,0,0,0,0,0,0,0,0,0,0,209,0,0,0,0,0,3,0,0,0,0,0,0,0,0,0,0,0,0,0,18671,0,0,1229,0,0,0,0,0,0,0,0,0,0,0,0,0,0,0,0,0,0,0,0,0,0,0,0,0,0,9,3,2,0,0,0,0,0,0,0,0,0,0,0,0,17976,522,0,0,0,0,0,0,0,0,0,0,0,0,0,0,0,0,0,0,0,0,20,0,0,0,0,0,0,0,0,0,0,0,0,0,0,0,0,0,0,0,0,0,0,0,0,0,0,0,0,0,0,0,0,0,0,0,0,0,0,0,0,0,0,0,51,0,0,0,0,0,0,0,0,0,0,0,0,0,0,0,0,0,0,0,0,0,0,0,0,0,0,0,0,0,0,0,0,0,0,0,0,0,0,0,0,0,0,0,0,0,0,0,0,0,0,0,0,0,0,2,0,0,4,0,0,0,0,0,0,0,0,0,0,0,0,0,0,0,20,0,0,0,0,0,0,0,0,0,0,0,0,0,0,0,9
BOLD,Chordata,Actinopteri,Scorpaeniformes,Liparidae,Liparis,florae,Liparis florae,1013,0,0,0,0,0,0,0,0,0,0,0,0,0,0,0,0,0,0,0,0,0,0,0,0,0,0,0,0,0,0,0,0,0,0,0,0,0,0,0,0,0,0,0,0,0,0,0,0,0,0,0,0,0,0,0,0,0,0,0,0,0,0,0,0,0,0,0,0,0,0,0,0,0,0,0,0,0,0,0,0,0,0,596,0,0,0,0,0,0,0,0,0,0,0,0,0,0,0,0,0,0,0,0,0,0,0,0,0,0,0,0,0,0,0,0,0,0,0,0,0,0,0,0,0,0,0,0,0,0,0,0,0,0,0,0,0,0,0,0,0,0,0,0,0,0,0,0,0,0,0,0,0,389,0,0,0,0,0,0,0,0,0,0,0,0,0,0,0,0,0,0,0,0,0,0,0,0,0,0,0,0,0,0,0,0,0,0,0,0,0,0,0,0,0,0,0,0,0,0,0,0,0,0,0,0,0,0,0,0,19,0,0,0,0,0,0,0,0,0,0,0,0,0,0,0,0,0,0,0,0,0,0,0,0,0,0,0,0,0,0,9,0,0
BOLD,Chordata,Actinopteri,Scorpaeniformes,Liparidae,Liparis,greeni,Liparis greeni,12,0,0,0,0,0,0,0,0,0,0,0,0,0,0,0,0,0,0,0,0,0,0,0,0,0,0,0,0,0,0,0,0,0,0,0,0,0,0,0,0,0,0,0,0,0,0,0,0,0,0,0,0,0,0,0,0,0,0,0,0,0,0,0,0,0,0,0,0,0,0,0,0,0,0,0,0,0,0,0,0,0,0,0,0,0,0,0,0,0,0,0,0,0,0,0,0,0,0,0,0,0,0,0,0,0,0,0,0,0,0,0,0,0,0,0,0,0,0,0,0,0,0,0,0,0,0,0,0,0,0,0,0,0,0,0,0,0,0,0,0,0,0,0,0,0,0,0,0,0,0,0,0,0,0,0,0,0,0,0,0,2,0,0,0,0,0,0,0,6,0,0,0,0,0,0,0,0,0,0,0,0,0,0,0,0,0,0,4,0,0,0,0,0,0,0,0,0,0,0,0,0,0,0,0,0,0,0,0,0,0,0,0,0,0,0,0,0,0,0,0,0,0,0,0,0,0,0,0,0,0,0,0,0,0,0,0,0,0,0,0,0,0,0
BOLD,Chordata,Actinopteri,Scorpaeniformes,Liparidae,Liparis,pulchellus,Liparis pulchellus,20,0,0,0,0,0,0,0,0,0,0,0,0,0,0,0,0,0,0,0,0,0,0,0,0,0,0,0,0,0,0,20,0,0,0,0,0,0,0,0,0,0,0,0,0,0,0,0,0,0,0,0,0,0,0,0,0,0,0,0,0,0,0,0,0,0,0,0,0,0,0,0,0,0,0,0,0,0,0,0,0,0,0,0,0,0,0,0,0,0,0,0,0,0,0,0,0,0,0,0,0,0,0,0,0,0,0,0,0,0,0,0,0,0,0,0,0,0,0,0,0,0,0,0,0,0,0,0,0,0,0,0,0,0,0,0,0,0,0,0,0,0,0,0,0,0,0,0,0,0,0,0,0,0,0,0,0,0,0,0,0,0,0,0,0,0,0,0,0,0,0,0,0,0,0,0,0,0,0,0,0,0,0,0,0,0,0,0,0,0,0,0,0,0,0,0,0,0,0,0,0,0,0,0,0,0,0,0,0,0,0,0,0,0,0,0,0,0,0,0,0,0,0,0,0,0,0,0,0,0,0,0,0,0,0,0,0,0,0,0,0,0,0,0
BOLD,Chordata,Actinopteri,Scorpaeniformes,Liparidae,Lipariscus,nanus,Lipariscus nanus,200,0,0,0,0,0,0,0,0,0,0,0,0,0,0,0,0,0,0,0,0,0,20,0,0,0,0,0,0,0,0,0,0,0,0,0,0,0,0,0,0,0,0,0,0,0,0,0,0,0,0,0,0,0,0,0,0,0,0,20,0,0,0,0,0,0,0,0,0,0,0,0,0,0,0,0,0,0,102,0,0,0,0,0,0,0,0,0,0,0,0,0,0,0,0,0,0,0,0,0,0,0,0,0,0,0,0,0,0,0,0,0,0,0,0,0,0,0,0,0,0,0,0,0,0,0,0,0,0,0,0,0,0,0,0,0,0,0,0,0,0,0,0,0,0,0,0,0,0,0,0,0,0,0,0,58,0,0,0,0,0,0,0,0,0,0,0,0,0,0,0,0,0,0,0,0,0,0,0,0,0,0,0,0,0,0,0,0,0,0,0,0,0,0,0,0,0,0,0,0,0,0,0,0,0,0,0,0,0,0,0,0,0,0,0,0,0,0,0,0,0,0,0,0,0,0,0,0,0,0,0,0,0,0,0,0,0,0,0,0,0,0,0,0
BOLD,Chordata,Actinopteri,Scorpaeniformes,Stichaeidae,Lumpenella,longirostris,Lumpenella longirostris,6722,0,0,0,0,0,0,0,0,0,0,0,0,0,0,0,0,0,0,0,0,0,0,0,0,0,0,0,0,0,0,0,0,0,0,0,0,0,0,0,0,0,0,0,0,0,0,0,0,0,0,0,0,0,0,0,0,0,0,0,0,0,0,0,0,0,0,0,0,0,0,0,0,0,0,0,0,0,0,0,0,0,6722,0,0,0,0,0,0,0,0,0,0,0,0,0,0,0,0,0,0,0,0,0,0,0,0,0,0,0,0,0,0,0,0,0,0,0,0,0,0,0,0,0,0,0,0,0,0,0,0,0,0,0,0,0,0,0,0,0,0,0,0,0,0,0,0,0,0,0,0,0,0,0,0,0,0,0,0,0,0,0,0,0,0,0,0,0,0,0,0,0,0,0,0,0,0,0,0,0,0,0,0,0,0,0,0,0,0,0,0,0,0,0,0,0,0,0,0,0,0,0,0,0,0,0,0,0,0,0,0,0,0,0,0,0,0,0,0,0,0,0,0,0,0,0,0,0,0,0,0,0,0,0,0,0,0,0,0,0,0,0,0,0
BOLD,Chordata,Actinopteri,Scorpaeniformes,Stichaeidae,Lumpenus,sagitta,Lumpenus sagitta,108537,0,0,0,0,0,0,0,0,0,0,0,0,0,0,0,0,0,0,0,0,0,0,0,0,0,0,0,25,9,23,4,0,0,0,0,0,0,0,0,0,0,0,72527,0,11,0,0,0,0,0,0,0,0,0,0,0,2,0,0,0,0,0,0,0,0,0,0,0,0,0,0,0,0,2,4,0,0,0,0,0,0,66,0,0,0,0,3,0,0,0,0,0,148,0,87,0,0,0,0,0,0,0,0,0,0,0,0,0,0,0,0,0,0,0,0,0,0,0,0,0,0,0,0,0,0,0,0,0,0,0,0,0,0,0,0,0,0,0,0,0,0,0,0,0,0,0,0,0,0,0,0,0,0,20,0,419,0,0,0,0,5,0,0,0,0,0,0,0,58,419,111,346,0,0,0,0,0,0,0,0,2170,6462,0,0,0,0,0,0,0,0,0,0,2,2,6366,0,0,0,0,251,0,0,0,0,0,0,0,0,0,0,0,0,0,0,0,163,0,0,0,0,0,0,0,0,2,0,0,0,0,0,0,0,0,103,0,0,0,0,0,4,18719,2,2
BOLD,Chordata,Actinopteri,Scorpaeniformes,Stichaeidae,Lumpenus,sp,Lumpenus sp,659,0,0,0,0,0,0,0,0,0,0,0,0,0,0,0,0,0,0,0,0,0,0,0,0,0,0,0,0,0,0,0,0,0,0,0,0,0,0,0,0,0,0,83,0,0,0,0,0,0,0,0,0,0,0,0,0,0,0,0,0,0,0,0,0,0,0,0,0,0,0,0,0,0,0,0,0,0,0,0,0,0,3,0,0,0,0,0,0,0,0,0,0,16,0,13,0,0,0,0,0,0,0,0,0,0,0,0,0,0,0,0,0,0,0,0,0,0,0,0,0,0,0,0,0,0,0,0,0,0,0,0,0,0,0,0,0,0,0,0,0,0,0,0,0,0,0,0,0,0,0,0,0,0,3,0,0,0,0,0,0,0,0,0,0,0,0,0,0,9,13,7,0,0,0,0,0,0,0,0,0,133,3,0,0,0,0,0,0,0,0,0,0,0,0,327,0,0,0,0,11,0,0,0,0,0,0,0,0,0,0,0,0,0,0,0,13,0,0,0,0,0,0,0,0,0,0,0,0,0,0,0,0,0,9,0,0,0,0,0,0,16,0,0
BOLD,Chordata,Actinopteri,Scorpaeniformes,Zoarcidae,Lycodapus,mandibularis,Lycodapus mandibularis,324965,0,0,0,0,8,0,0,0,0,0,0,0,0,9,0,0,0,0,0,0,0,5,0,0,0,0,0,0,0,0,0,0,0,0,0,0,0,2,0,0,0,0,0,0,0,0,0,0,0,0,3,41782,0,0,0,0,0,0,3585,0,0,0,0,0,4,0,91140,5,0,0,0,0,0,8347,0,0,0,46090,3,0,2,465,2,0,0,0,0,0,0,0,0,0,0,0,0,0,2,0,0,0,0,0,0,0,0,0,0,0,0,0,0,0,3,0,0,0,0,0,0,0,0,0,0,0,0,0,0,0,0,0,0,0,0,0,0,0,0,0,0,0,0,0,5,2,0,0,0,0,0,0,64,0,0,0,0,0,130191,0,0,0,0,0,0,0,0,0,0,0,0,0,161,0,0,0,0,0,3064,0,0,0,0,0,0,0,0,0,0,0,0,0,5,0,0,0,0,0,0,0,0,0,0,4,0,0,0,0,4,0,0,0,0,0,0,0,0,5,0,0,0,0,0,0,0,0,0,0,0,0,0,0,0,0,3,0,0,0,0,0,0,0,0,0,0
BOLD,Chordata,Actinopteri,Scorpaeniformes,Zoarcidae,Lycodapus,parviceps,Lycodapus parviceps,84,0,0,0,0,0,0,0,0,0,0,0,0,0,0,0,0,0,0,0,0,0,0,0,0,0,0,0,0,0,0,0,0,0,0,0,0,0,0,0,0,0,0,0,0,0,0,0,0,0,0,5,39,0,0,0,0,0,0,0,0,0,0,0,0,0,0,0,0,0,0,0,0,0,2,0,0,0,0,0,0,0,0,0,0,0,0,0,0,0,0,0,0,0,0,0,0,0,0,0,0,0,0,0,0,0,0,0,0,0,0,0,0,0,0,0,0,0,0,0,0,0,0,0,0,0,0,0,0,0,0,0,0,0,0,0,0,0,0,0,0,0,0,0,0,0,0,0,0,0,0,0,0,0,0,0,0,0,0,0,0,0,0,0,0,0,0,0,0,0,0,0,0,0,0,0,0,0,0,0,0,0,0,0,0,0,29,2,0,0,0,0,0,0,0,0,0,0,0,0,0,0,0,0,0,0,0,0,0,0,0,0,0,0,0,0,0,0,0,0,0,0,0,0,0,0,7,0,0,0,0,0,0,0,0,0,0,0,0,0,0,0,0,0
BOLD,Chordata,Actinopteri,Scorpaeniformes,Zoarcidae,Lycodapus,sp,Lycodapus sp,74,0,0,0,0,0,0,0,0,0,0,0,0,0,0,0,0,0,0,0,0,0,0,0,0,0,0,0,0,0,0,0,0,0,0,0,0,0,0,0,0,0,0,0,0,0,0,0,0,0,0,0,3,0,0,0,0,0,0,2,0,0,0,0,0,0,0,4,0,0,0,0,0,0,59,0,0,0,0,0,0,0,0,0,0,0,0,0,0,0,0,0,0,0,0,0,0,0,0,0,0,0,0,0,0,0,0,0,0,0,0,0,0,0,0,0,0,0,0,0,0,0,0,0,0,0,0,0,0,0,0,0,0,0,0,0,0,0,0,0,0,0,0,0,0,0,0,0,0,0,0,0,0,0,0,0,0,6,0,0,0,0,0,0,0,0,0,0,0,0,0,0,0,0,0,0,0,0,0,0,0,0,0,0,0,0,0,0,0,0,0,0,0,0,0,0,0,0,0,0,0,0,0,0,0,0,0,0,0,0,0,0,0,0,0,0,0,0,0,0,0,0,0,0,0,0,0,0,0,0,0,0,0,0,0,0,0,0,0,0,0,0,0,0
BOLD,Chordata,Actinopteri,Scorpaeniformes,Zoarcidae,Lycodes,brevipes,Lycodes brevipes,36,0,0,0,0,0,0,0,0,0,0,0,0,0,0,0,0,0,0,0,0,0,0,0,0,0,0,0,0,0,0,0,0,0,0,0,0,0,0,0,0,0,0,0,0,0,0,0,0,0,0,0,0,0,0,0,0,0,0,0,0,0,0,0,0,0,0,0,0,0,0,0,0,0,0,0,0,0,0,0,0,0,0,0,0,0,0,0,0,0,0,0,0,0,0,0,0,0,0,0,0,0,0,0,0,0,0,0,0,0,0,0,0,0,0,0,0,0,0,0,0,0,0,0,0,0,0,0,0,4,0,0,0,0,0,0,0,0,0,0,0,0,0,30,0,0,0,0,0,0,0,0,0,0,0,0,0,0,0,0,0,0,0,0,0,0,0,0,0,0,0,0,0,0,0,0,0,0,0,2,0,0,0,0,0,0,0,0,0,0,0,0,0,0,0,0,0,0,0,0,0,0,0,0,0,0,0,0,0,0,0,0,0,0,0,0,0,0,0,0,0,0,0,0,0,0,0,0,0,0,0,0,0,0,0,0,0,0,0,0,0,0,0,0
BOLD,Chordata,Actinopteri,Scorpaeniformes,Zoarcidae,Lycodes,pacificus,Lycodes pacificus,299545,0,0,0,0,0,0,0,0,0,0,0,0,0,0,0,0,0,0,0,0,0,0,0,0,0,0,0,0,0,0,0,0,0,0,0,0,0,0,117577,0,0,0,0,0,730,0,0,0,0,0,0,0,0,0,0,0,0,0,3479,0,0,5293,0,0,0,0,0,0,0,0,0,3,0,0,0,0,0,0,0,0,0,0,0,0,0,0,7357,219,0,0,8118,0,0,0,32,20,0,0,0,0,7432,0,6345,3174,0,0,0,0,0,0,0,0,0,0,0,0,0,0,0,0,2,0,0,0,0,0,25,0,59,0,0,0,0,0,0,0,0,0,0,24,0,0,29977,0,12,0,0,0,2,0,25,0,2,57,0,0,0,0,0,0,10,0,4856,0,444,0,23,0,0,0,34,0,0,0,7,0,0,0,64,2,28542,0,16994,0,3745,4539,20026,0,0,0,0,0,2335,6,27948,0,0,0,0,0,0,0,0,0,0,0,0,0,0,0,0,0,0,0,0,0,0,6,0,0,0,0,0,0,0,0,0,0,0,0,0,0,0,0,0,0,0,0,0,0,0,0,0
BOLD,Chordata,Actinopteri,Pleuronectiformes,Pleuronectidae,Lyopsetta,exilis,Lyopsetta exilis,170296,0,0,0,0,0,0,3,0,0,0,0,0,26128,14,2,0,0,0,0,0,2,3,0,0,0,0,0,0,0,5,2,0,0,0,2,0,0,0,0,0,0,0,5,0,0,0,0,0,0,0,0,0,0,0,0,0,0,0,0,0,0,0,0,0,0,0,0,0,0,0,0,20594,3,3,0,0,0,0,0,0,0,0,0,0,0,0,0,10,0,0,0,0,0,0,22,43,0,0,0,0,0,0,0,0,0,0,0,0,141,2,0,32,0,0,0,0,0,0,0,0,0,0,0,0,0,0,51,0,38116,0,0,0,0,0,0,0,0,0,0,0,0,0,0,0,0,0,0,0,0,0,1292,0,10,15,0,0,0,0,0,0,2,2,7439,943,0,0,10371,0,0,0,0,0,0,0,0,2,0,0,19530,0,11841,0,29231,0,0,10,97,0,0,0,2,0,0,0,3861,2,0,0,0,19,0,0,155,0,0,0,0,0,0,0,0,0,0,0,0,0,35,149,0,0,0,0,0,0,5,0,0,0,0,0,0,95,5,0,0,0,0,0,0,0,0,0,0
BOLD,Chordata,Actinopteri,Scorpaeniformes,Psychrolutidae,Malacocottus,sp,Malacocottus sp,16671,0,0,0,0,0,0,0,25,0,0,0,0,0,0,0,0,0,0,0,0,0,0,0,0,0,0,0,0,0,0,0,0,0,0,0,0,0,0,0,0,0,0,0,0,0,0,0,0,0,0,0,0,0,0,0,0,0,3,0,0,0,0,0,0,0,0,0,0,0,0,0,0,0,0,0,0,0,0,0,0,0,0,0,0,0,0,0,0,0,0,0,0,0,0,0,0,0,0,0,0,0,0,0,0,0,0,0,0,0,0,0,0,0,0,0,0,0,0,0,0,0,0,0,0,0,0,0,0,0,0,2,0,0,0,0,0,0,0,0,0,0,0,0,0,0,0,0,0,0,0,0,0,0,0,0,0,0,0,0,0,0,0,0,0,0,0,0,0,0,0,9685,0,0,0,0,0,0,0,6956,0,0,0,0,0,0,0,0,0,0,0,0,0,0,0,0,0,0,0,0,0,0,0,0,0,0,0,0,0,0,0,0,0,0,0,0,0,0,0,0,0,0,0,0,0,0,0,0,0,0,0,0,0,0,0,0,0,0,0,0,0,0,0,0
BOLD,Chordata,Actinopteri,Osmeriformes,Osmeridae,Mallotus,villosus,Mallotus villosus,67944,0,0,0,0,0,0,0,4,0,0,0,0,0,0,0,0,0,0,0,39,28106,12796,0,4226,0,0,0,0,0,0,1126,0,3795,0,0,3,0,0,0,0,0,0,4329,3,0,0,0,0,250,2,0,3,0,0,0,0,0,0,0,0,0,0,0,0,9,36,0,38,0,0,0,0,0,0,0,0,0,0,0,0,0,6,12817,0,0,0,2,0,0,0,0,0,0,2,0,2,0,0,0,0,0,0,0,0,0,0,0,0,0,0,0,0,0,0,0,0,0,0,0,0,0,0,0,0,0,0,0,0,0,0,0,0,0,0,0,0,0,0,0,0,0,0,0,0,0,0,0,0,0,0,0,0,9,0,0,3,0,0,0,0,0,0,0,0,0,0,0,0,0,0,0,0,0,0,0,0,0,0,0,0,0,0,0,0,0,0,0,0,0,0,0,0,0,0,0,0,0,0,0,0,0,3,0,0,0,0,0,0,0,0,0,0,0,0,0,4,0,4,3,0,0,0,0,319,0,0,0,0,0,0,0,3,0,0,0,0,0,0,0,0,2,0,0
BOLD,Chordata,Mammalia,Artiodactyla,Balaenopteridae,Megaptera,novaeangliae,Megaptera novaeangliae,1491,0,0,0,0,0,0,8,0,0,0,0,0,0,0,0,0,0,0,0,0,0,0,0,0,0,0,0,0,0,23,0,0,0,0,0,0,0,0,0,0,0,0,0,0,0,0,0,0,0,0,0,0,0,0,0,0,0,0,0,0,0,0,0,0,0,0,0,0,0,0,0,0,0,0,0,0,0,0,0,0,0,0,0,0,0,0,0,10,0,0,0,0,0,0,0,0,0,0,0,0,0,0,0,0,0,0,0,0,0,0,0,0,0,0,0,1450,0,0,0,0,0,0,0,0,0,0,0,0,0,0,0,0,0,0,0,0,0,0,0,0,0,0,0,0,0,0,0,0,0,0,0,0,0,0,0,0,0,0,0,0,0,0,0,0,0,0,0,0,0,0,0,0,0,0,0,0,0,0,0,0,0,0,0,0,0,0,0,0,0,0,0,0,0,0,0,0,0,0,0,0,0,0,0,0,0,0,0,0,0,0,0,0,0,0,0,0,0,0,0,0,0,0,0,0,0,0,0,0,0,0,0,0,0,0,0,0,0,0,0,0,0,0,0
BOLD,Chordata,Actinopteri,Gadiformes,Merlucciidae,Merluccius,productus,Merluccius productus,3670568,0,0,95283,0,0,1207,13536,324,61395,20,19871,7,6091,8,22765,29718,9,0,0,0,0,143,0,0,4,6,10,0,20,11,0,25,47,28623,0,0,0,0,8565,4,12,12264,22,29,193,130760,0,94652,2779,175,0,8454,0,2,0,0,69911,497,5486,3314,148318,14861,169514,63,72235,147,60953,436,60956,11,9,43925,46,58024,4178,35675,30306,30363,7,0,0,104038,0,0,0,212589,6837,1808,16458,6,34424,10,287,0,238,0,0,3,62393,0,59889,0,4269,0,14353,742,26231,123,11880,0,98541,171,90236,235635,12,31492,9,215480,0,0,70,0,64,12310,138,28366,148,2,22586,13,12810,9025,62957,45572,0,9,25258,33235,0,1887,2225,21344,45386,6,8,602,3,0,0,0,102,0,0,0,215,0,5,2,13176,2,7742,0,0,12046,0,0,397,0,0,0,0,0,0,6,0,2,2347,0,1466,711,6,0,171,756,538,151,5940,0,0,3,11510,4,8594,8,578,34,110,8,202,870,0,135,0,10,4885,43558,12,67744,10,39741,28552,68090,14,22518,952,7939,5721,2192,0,141931,4322,55419,3450,9150,4965,112468,31,9,10599,29328,1130,9825,0,0,0,22209,0,6,3,25,8,7468,0
BOLD,Chordata,Actinopteri,Gadiformes,Gadidae,Microgadus,proximus,Microgadus proximus,1191,0,0,0,0,0,0,0,0,0,0,0,0,0,0,0,0,0,0,0,0,0,0,0,0,0,0,0,0,0,0,0,0,0,0,0,0,0,0,0,0,0,0,0,0,0,0,0,0,0,0,0,0,0,0,0,0,0,0,0,0,0,0,0,0,0,0,0,0,0,0,0,29,0,0,0,0,0,0,0,0,0,0,0,0,0,0,0,1093,0,0,0,0,0,0,0,67,0,0,0,0,0,0,0,0,0,0,0,0,0,0,0,0,0,0,0,0,0,0,0,0,0,0,0,0,0,0,0,0,0,0,0,0,0,0,0,0,0,0,0,0,0,0,0,0,0,0,0,0,0,0,0,0,0,0,0,0,0,0,0,0,2,0,0,0,0,0,0,0,0,0,0,0,0,0,0,0,0,0,0,0,0,0,0,0,0,0,0,0,0,0,0,0,0,0,0,0,0,0,0,0,0,0,0,0,0,0,0,0,0,0,0,0,0,0,0,0,0,0,0,0,0,0,0,0,0,0,0,0,0,0,0,0,0,0,0,0,0,0,0,0,0,0,0
BOLD,Chordata,Actinopteri,Pleuronectiformes,Pleuronectidae,Microstomus,pacificus,Microstomus pacificus,273,0,0,0,0,0,0,0,0,0,0,0,0,0,0,0,0,0,0,0,0,0,0,0,0,0,0,0,0,0,0,0,0,0,0,0,0,0,0,0,0,0,0,0,0,0,0,0,0,0,0,0,0,0,0,0,0,0,0,0,0,0,0,0,0,0,0,0,0,0,0,0,0,0,0,0,0,0,0,0,0,0,0,0,0,0,0,0,0,0,0,0,0,0,0,0,0,0,0,0,0,0,0,0,0,0,0,0,0,0,0,0,0,0,0,0,0,0,0,0,0,0,0,0,0,0,0,0,0,0,0,0,0,0,0,0,0,0,0,0,0,0,0,7,0,0,0,0,0,0,0,0,0,0,0,0,0,0,0,0,0,0,0,0,0,0,0,0,0,0,0,0,0,0,0,0,0,0,0,0,0,0,0,0,0,0,0,0,0,0,0,0,0,0,0,0,0,0,0,0,10,0,0,0,0,0,0,0,0,0,0,0,0,0,0,0,0,239,0,0,0,0,0,0,17,0,0,0,0,0,0,0,0,0,0,0,0,0,0,0,0,0,0,0
BOLD,Chordata,Actinopteri,Scorpaeniformes,Cottidae,Myoxocephalus,polyacanthocephalus,Myoxocephalus polyacanthocephalus,257,0,0,0,0,0,11,0,0,0,0,0,0,0,0,0,0,37,0,0,0,9,17,0,0,0,0,0,0,0,0,0,0,0,0,0,0,0,0,0,0,0,0,0,0,0,0,52,0,0,0,0,0,0,0,0,0,0,0,0,0,0,4,23,0,0,0,0,0,0,0,0,0,0,0,0,0,7,0,2,0,9,0,0,0,0,0,0,0,0,0,0,0,0,0,18,0,0,0,0,0,0,0,0,0,0,0,0,0,0,0,0,0,0,0,0,0,0,0,0,0,0,0,0,0,0,0,10,0,0,0,0,8,0,0,0,0,0,0,0,0,0,0,0,0,0,0,0,0,0,0,0,0,0,0,0,0,0,0,0,0,0,0,0,0,0,0,0,0,0,0,0,0,0,0,0,0,0,0,0,0,0,0,0,0,0,0,0,0,0,0,0,0,0,0,0,0,0,0,0,0,0,0,0,0,0,0,0,0,0,0,0,0,0,0,0,0,0,0,0,0,0,0,0,5,0,0,0,45,0,0,0,0,0,0,0,0,0,0,0,0,0,0,0
BOLD,Chordata,Actinopteri,Scorpaeniformes,Cottidae,Myoxocephalus,sp,Myoxocephalus sp,124823,0,0,0,0,0,474,0,0,0,0,0,0,5,0,0,20,21913,0,0,0,0,540,0,0,0,0,4,0,0,0,0,0,0,0,0,0,0,0,0,0,0,0,16,30,0,0,21334,0,0,0,0,0,0,0,0,0,0,0,0,79,0,3207,15198,0,0,0,0,0,0,0,0,13,15,8,0,0,6172,0,2399,0,0,0,0,0,0,0,0,0,0,0,0,0,463,0,522,0,0,0,0,2,0,0,0,0,0,0,0,0,0,0,0,0,0,0,3,0,0,2,0,0,0,0,0,0,0,0,715,0,0,0,4,6725,0,2,0,0,0,0,0,0,0,0,0,0,0,0,0,0,0,0,0,0,0,0,0,0,0,158,0,0,0,0,0,14,0,0,0,0,0,0,0,0,0,0,0,0,0,0,0,0,0,0,0,0,0,0,0,0,0,0,0,0,0,0,0,4,0,1127,0,0,0,0,0,0,0,0,0,0,0,0,0,6,0,2,646,202,0,0,0,0,0,0,0,4202,0,0,0,38591,2,0,2,0,0,0,0,0,0,2,0,0,0,0,0
BOLD,Chordata,Actinopteri,Scorpaeniformes,Agonidae,Nautichthys,oculofasciatus,Nautichthys oculofasciatus,25970,0,0,0,0,2,569,0,0,0,0,0,0,0,19,0,0,0,0,0,0,226,104,0,191,0,0,0,0,0,0,0,0,2,0,0,0,77,0,0,0,0,0,0,0,0,23181,0,0,0,0,0,0,0,0,0,0,0,0,0,0,0,0,0,0,0,0,0,0,0,0,0,0,0,0,0,0,0,0,0,812,0,0,0,0,0,0,0,0,0,0,0,0,35,0,0,0,0,0,0,0,0,0,0,0,0,0,0,0,24,0,0,0,0,0,0,0,0,0,0,0,0,0,0,120,0,162,0,0,0,0,0,0,0,0,0,0,0,0,0,0,0,0,0,0,0,0,0,0,0,0,0,0,0,0,324,0,0,0,0,0,0,0,0,0,0,0,0,0,0,0,0,0,0,0,0,0,0,0,0,0,0,0,0,0,0,0,0,0,0,0,0,0,0,0,0,0,0,0,0,112,0,0,0,0,0,0,0,0,0,0,0,0,0,2,0,0,0,0,0,0,0,0,0,0,0,0,0,0,0,0,0,0,0,0,0,0,0,0,0,0,8,0,0
BOLD,Chordata,Actinopteri,Scorpaeniformes,Liparidae,Nectoliparis,pelagicus,Nectoliparis pelagicus,51644,0,0,0,12,0,0,0,0,0,0,0,0,0,0,0,0,0,0,0,0,0,0,0,0,0,0,0,0,0,0,0,0,0,0,0,0,0,0,0,0,0,0,0,0,0,0,0,0,0,0,19,13,0,0,0,0,0,0,0,0,0,0,0,0,0,0,0,0,0,0,0,0,0,0,0,0,0,0,0,0,0,0,45,0,0,0,0,0,0,0,0,0,0,0,0,0,0,0,0,0,0,0,0,0,0,0,0,0,0,0,0,2,0,0,0,0,0,0,0,0,0,0,0,0,0,0,11,0,0,0,4029,0,17,0,0,0,0,181,76,3,2,0,0,0,0,0,0,0,0,0,2445,0,60,173,0,0,0,0,0,0,0,0,0,0,23404,0,3295,0,38,0,0,2,0,0,0,0,0,9,0,0,4875,0,0,0,34,0,0,0,0,0,0,0,0,0,12857,0,0,0,0,0,0,0,0,0,0,0,0,0,0,0,0,0,0,0,0,0,0,0,42,0,0,0,0,0,0,0,0,0,0,0,0,0,0,0,0,0,0,0,0,0,0,0,0
BOLD,Chordata,Actinopteri,Scorpaeniformes,Cottidae,Oligocottus,maculosus,Oligocottus maculosus,29276,0,0,0,0,0,0,0,0,0,0,6,0,9,0,0,3,0,0,0,0,900,2317,0,0,0,0,0,0,0,0,16472,0,0,0,0,0,0,0,0,0,0,0,0,0,0,0,0,0,0,0,0,0,0,0,0,0,0,2,0,7,0,0,0,0,0,0,0,0,0,0,0,0,0,0,0,0,0,0,0,810,649,0,0,0,0,0,2,0,0,0,0,0,0,0,0,0,0,0,0,0,0,0,0,0,0,0,0,0,0,0,0,0,0,0,0,0,0,0,0,0,0,0,0,0,0,0,0,0,0,0,0,0,0,0,0,0,0,0,0,0,0,0,0,0,0,0,0,0,0,0,0,0,0,0,0,0,0,0,0,0,0,0,0,6383,0,0,0,0,0,0,0,0,0,0,0,0,0,0,0,0,0,0,0,0,0,0,0,0,0,0,0,0,0,0,0,0,0,0,0,0,0,0,0,2,0,0,0,0,0,4,0,0,0,0,0,0,0,1391,0,0,0,0,0,0,0,0,317,0,0,0,0,0,0,0,0,2,0,0,0,0,0,0,0
BOLD,Chordata,Actinopteri,Salmoniformes,Salmonidae,Oncorhynchus,clarkii,Oncorhynchus clarkii,21070,0,0,0,0,0,0,0,0,0,0,0,0,2,0,0,0,0,0,0,0,0,0,0,0,0,0,0,0,0,0,0,0,0,0,0,0,0,0,0,0,0,0,0,0,958,0,0,0,916,618,20,420,0,0,0,0,0,0,0,0,0,0,0,0,0,0,0,0,0,0,0,0,0,0,0,0,0,0,1421,0,0,0,0,0,0,0,5460,133,0,3,0,78,450,630,0,76,2,0,0,6245,0,0,0,0,0,0,0,0,0,0,3,0,0,0,0,0,2,0,0,0,0,2,0,888,174,0,0,0,15,0,0,0,0,0,0,0,0,0,0,0,668,0,0,4,0,0,0,0,0,0,0,0,0,0,0,0,0,0,0,0,0,0,2,0,0,0,0,0,0,0,0,0,0,0,2,0,2,5,0,0,0,0,0,136,0,0,0,0,0,0,0,0,0,0,0,0,0,0,0,170,0,0,325,0,0,0,0,0,0,0,0,0,0,0,2,0,0,0,0,0,0,0,2,5,0,4,2,0,0,0,2,0,634,196,390,0,0,0,0,3,0,0,0
BOLD,Chordata,Actinopteri,Salmoniformes,Salmonidae,Oncorhynchus,gorbuscha,Oncorhynchus gorbuscha,1879530,14,69,6,45,0,0,0,0,0,0,0,6877,0,4,0,11064,38,10,0,52,0,0,0,0,12803,0,64744,37,2,15,23,0,3,0,7,0,0,0,0,0,0,19702,15,4,17,6,34747,0,17729,0,492,0,0,23,22334,101828,28117,2,5,5675,0,0,16677,4649,0,7,19,0,0,0,58171,18,0,13,20,0,0,26508,4179,14,0,50,0,0,0,0,6,1818,8994,17442,1973,897,0,0,26,0,36739,19285,0,92953,12,27,6152,2,21,23,0,1014,11,0,121,0,0,22,102215,0,3,4,0,13,0,49,688,0,0,0,0,105087,47518,25500,4,3,0,2114,0,13,0,0,41,16,0,0,82,94305,877,0,52,101920,25856,2123,2637,2715,298,0,73,18,35,34794,25225,226146,0,0,0,0,0,13739,19,2887,0,0,40,0,44267,163,20494,37422,0,0,0,0,0,6412,0,5549,0,0,10,0,0,0,27025,25308,0,0,0,0,0,0,4,0,0,10,0,0,45,0,38226,2,3,2,3,34,0,0,0,0,0,0,0,0,0,0,81627,21,10,0,12,39,3,53,2377,10,0,0,0,0,85196,0,63712,8,2,0,0
BOLD,Chordata,Actinopteri,Salmoniformes,Salmonidae,Oncorhynchus,keta,Oncorhynchus keta,2722792,0,19292,0,4155,0,0,0,951,8,2,5,51540,21,0,0,0,0,0,0,79787,0,0,0,0,0,6,40544,0,0,26,5077,23775,40240,0,0,0,0,0,2,40444,0,0,13428,0,23999,0,0,36,96,0,0,0,0,0,0,0,0,0,0,19,0,0,0,157,0,1233,0,1883,0,4,0,34,0,0,10188,0,12653,7248,917,0,0,0,0,5,3,4,0,691,0,43334,20297,39639,0,0,0,0,0,0,16529,6320,50,33382,112182,41288,0,58395,12554,59689,0,0,0,0,2,0,0,0,9053,42149,16625,16929,42878,0,58255,0,0,0,0,2,15666,11845,6624,0,18379,102063,11489,22547,13714,2274,0,0,0,0,0,14798,26133,0,0,8,16139,24121,16361,66419,0,0,38163,31958,16069,26,0,0,2710,23,17721,50977,17061,29619,3753,44973,0,0,3574,4805,36287,0,0,0,15830,9892,4125,71977,33175,41844,21364,75947,0,0,0,4478,19489,2,2,4,25546,3215,23115,46876,0,23496,125240,0,0,0,0,0,0,0,0,0,10452,0,2132,0,64061,25382,105958,0,0,0,0,0,1186,2,10044,0,4460,0,4533,0,78887,20058,97182,914,0,0,0,61537,0,4,13382,0,0,0,2677
BOLD,Chordata,Actinopteri,Salmoniformes,Salmonidae,Oncorhynchus,kisutch,Oncorhynchus kisutch,1005816,0,3,0,0,0,0,0,0,3,0,0,0,27733,6177,22817,25,0,409,0,46364,0,0,0,0,0,6,4,10,0,35,22913,0,5094,0,0,0,13,0,8,0,12,10,46618,11,20135,5,4,7,63300,957,3113,552,0,0,0,3,0,17780,0,0,14,23990,12,106202,0,8,353,13,0,0,0,0,0,11,5630,9,45868,46,44533,18,0,0,22,2,2,0,8121,18605,12,4530,0,8455,205,244,0,0,8,14633,3,9,14,0,2997,35538,0,2771,0,8132,116,0,3,0,0,0,2,9,20389,0,10827,3,0,0,8783,94,165,169,0,5,2,6,0,0,0,547,25730,3827,0,2,98,111,72,2,2,3,5387,0,2,1236,4,3792,5506,1054,20,8,26,1083,0,3,0,5,11951,0,3188,1935,0,4,0,611,48,0,21,0,0,3,0,2,2267,1891,0,2482,0,3903,0,882,0,0,0,0,0,0,2,0,15,23540,0,2201,6,3,13284,0,0,0,144,3,0,0,0,0,40562,0,26540,7,11,5,25165,4,0,0,0,4,0,0,0,3578,14160,0,16640,12,18588,4,27324,314,0,0,195,5,0,0,0,10,42908,0,17170
BOLD,Chordata,Actinopteri,Salmoniformes,Salmonidae,Oncorhynchus,mykiss,Oncorhynchus mykiss,71909,0,0,0,0,0,0,0,0,0,0,0,2,0,0,0,0,0,0,0,0,0,0,0,0,0,0,0,0,0,0,0,0,0,0,0,0,0,0,0,0,0,0,0,0,0,0,0,0,3,0,221,0,0,0,0,0,0,0,0,0,0,0,0,0,623,0,0,0,0,0,0,0,0,14,0,0,0,0,2,0,0,0,463,0,0,0,6,2092,0,0,0,254,45,0,0,0,7,0,0,11,19,40,88,0,0,0,0,0,0,0,0,0,0,0,2,0,3,7,2320,0,0,3397,1133,0,0,0,0,8,28144,0,6,3,9,0,0,0,0,302,0,0,106,0,18,2,318,0,0,3,0,0,2,0,0,50,0,0,0,5,0,5,4,5,6,1092,0,0,0,0,0,0,0,0,0,0,2,2,5,15770,0,0,0,0,0,0,0,0,0,0,0,0,0,2,29,17,7,0,0,0,0,0,0,0,0,0,0,0,0,0,0,0,0,4,0,0,2373,0,0,0,0,0,0,0,5127,0,2760,0,4445,0,0,0,512,0,0,0,0,0,2,0,2,0,10,0,0
BOLD,Chordata,Actinopteri,Salmoniformes,Salmonidae,Oncorhynchus,nerka,Oncorhynchus nerka,1163287,0,0,0,0,4337,0,0,0,0,0,0,0,15,3,7,11,0,0,0,551,0,0,0,0,0,32,43,2,0,0,5,0,5,0,0,0,0,0,0,90,0,39,30,0,63,0,53,0,556,13,55,6,0,0,31,1453,74,11,0,18,0,0,37,231,611,126,0,161,0,0,97,8,2,11,4,0,3,72,208,0,0,0,0,0,0,0,6,223,54,10,35,32,838,1379,4612,90,35244,188,0,2997,55915,134732,340708,828,0,2102,0,29,0,28,36755,0,0,0,153,0,1349,38141,151,0,22,2,82,1207,1308,44,4010,145,112,0,40283,12133,128,141,0,34,0,0,0,91,487,29,72988,159,31,0,73,2570,43,10,3,8,0,8,0,257,0,51,0,273,7533,20063,24322,1496,0,22,0,4,14,0,0,18,30,0,82,56,25999,23303,0,7814,0,18,0,23,76,8625,41835,18,0,0,43,72,101473,92376,902,957,0,0,109,0,0,0,0,0,0,0,0,21,47,3,11,0,0,0,513,80,0,0,0,0,0,0,229,4,67,4,53,0,0,0,207,225,589,0,449,0,92,0,979,5,16,0,5
BOLD,Chordata,Actinopteri,Salmoniformes,Salmonidae,Oncorhynchus,sp,Oncorhynchus sp,398721,0,11,0,2,81,0,0,35,0,0,0,86,19,0,21,34,0,0,0,9543,2,0,0,0,0,0,84,19,3,4,376,16,648,0,0,0,0,0,0,215,0,87,300,0,2522,0,41,0,3440,0,113,0,167,0,62,1766,137,15,2,33,0,6,26,1110,19,218,5,292,0,0,148,10,3,5,31,0,344,46,839,0,20,0,0,0,0,0,36,534,2190,231,27,3805,150,11,0,0,189,709,0,860,193,34359,35567,3957,0,4278,6,7573,8,0,160,27,0,0,249,0,19128,165,1246,4,72,9,1698,0,0,0,8,287,245,199,210,92,35833,1488,14,595,6,0,0,20,3,27,147,295,4941,0,56,1109,49,280,64,778,6,0,0,4,0,17828,48,552,36008,521,23580,21410,10,213,5,542,14639,0,8,2,408,0,83,95,10552,3851,0,1284,32,1000,17,848,0,39,169,0,0,0,79,0,887,647,35226,906,0,17,4046,0,0,0,13,0,0,0,35,0,103,2,252,0,26,11,22499,128,24,0,0,0,0,0,576,3,151,18,449,0,1101,5,8888,124,26,55,2,0,141,0,1148,0,37,0,149
BOLD,Chordata,Actinopteri,Salmoniformes,Salmonidae,Oncorhynchus,tshawytscha,Oncorhynchus tshawytscha,383677,34,0,0,16,2137,0,208,0,0,0,0,30173,0,3,0,0,0,0,0,345,0,0,0,0,0,28940,0,0,9,0,3,0,0,0,0,0,0,0,0,28499,0,0,0,0,893,0,0,0,1739,10,22,0,2,0,0,0,0,0,0,0,0,0,0,0,692,1207,2,1352,0,0,0,15,0,0,12,0,0,0,0,0,0,0,24,0,0,0,13,2720,55901,0,0,175,197,0,80,0,0,0,0,0,0,6,26,137,0,0,0,0,70,72,0,0,0,0,0,0,0,0,2,0,3381,0,2310,104,35,21,39,0,0,0,0,0,0,327,0,5058,21,0,136,41,15,39095,0,0,0,444,56628,0,0,0,0,0,128,91,0,47,0,0,0,0,0,0,0,2149,17,1048,0,114,5,2,0,0,0,0,65066,0,39478,4,0,19,0,0,0,322,3,0,6,0,0,0,0,0,6,4,3970,0,0,0,5894,23,0,0,138,0,0,0,0,0,0,0,0,0,0,0,449,29,0,54,0,0,0,0,0,0,5,2,23,0,0,0,760,371,0,7,49,0,0,0,0,0,0,3,0
BOLD,Chordata,Actinopteri,Scorpaeniformes,Hexagrammidae,Ophiodon,elongatus,Ophiodon elongatus,83164,0,0,0,0,39,0,0,0,0,0,0,0,68,16,7,13,0,4,0,0,0,249,0,0,0,0,0,29,0,14,20856,0,0,0,0,0,0,0,0,0,0,3,11,209,1446,0,2,0,0,27,28,59,16,0,11714,2,250,171,28,0,2,6873,0,0,0,83,1301,21,0,0,0,0,0,44,6,0,0,0,0,533,24,0,3229,0,0,0,0,16,0,0,0,0,0,0,0,51,0,0,0,0,0,0,0,8442,0,0,0,0,57,0,513,0,0,0,0,6,0,0,0,0,0,0,0,0,72,30,12,0,2,0,0,0,6,0,0,0,0,11,20,0,83,0,0,0,0,1112,0,0,0,0,0,0,74,0,0,1930,0,0,0,0,218,0,6,24,0,0,0,0,0,0,0,0,0,0,0,0,0,6040,0,0,0,0,0,0,0,21,11,0,0,0,0,0,0,0,0,0,0,0,0,0,0,172,0,0,0,0,0,0,0,171,7367,2,0,0,0,82,175,21,14,0,0,0,0,12,6777,0,249,0,0,0,0,31,0,77,0,0,0,0,0,20,1369,0,491
BOLD,Chordata,Actinopteri,Osmeriformes,Osmeridae,Osmerus,mordax,Osmerus mordax,1391,0,0,0,0,0,0,0,0,0,0,0,0,0,0,0,0,0,0,0,0,0,0,0,0,0,0,0,0,0,0,0,0,0,0,0,0,0,0,0,0,0,0,0,0,0,0,0,0,0,0,0,177,0,0,0,0,0,0,0,0,0,0,0,0,0,0,0,0,0,0,0,0,0,0,0,0,0,0,0,0,575,0,0,0,0,0,0,0,0,0,0,0,0,0,10,0,0,0,0,0,0,0,0,0,0,0,0,0,0,0,0,0,0,0,0,0,0,0,0,0,0,0,0,0,0,0,10,0,0,0,0,0,0,0,0,0,0,8,0,0,0,0,0,0,0,0,0,0,0,0,0,0,0,0,0,0,0,0,0,0,0,0,0,43,0,0,0,0,6,0,0,0,0,0,0,0,0,0,0,0,0,0,0,0,7,2,0,0,0,0,0,0,0,0,0,0,0,0,0,106,0,447,0,0,0,0,0,0,0,0,0,0,0,0,0,0,0,0,0,0,0,0,0,0,0,0,0,0,0,0,0,0,0,0,0,0,0,0,0,0,0,0,0
BOLD,Chordata,Actinopteri,Scorpaeniformes,Hexagrammidae,Oxylebius,pictus,Oxylebius pictus,58,0,0,0,0,0,0,0,0,0,0,0,0,12,0,0,0,0,0,0,0,0,0,0,0,0,0,0,0,0,0,0,0,0,0,0,0,0,0,0,0,0,0,0,0,0,0,0,0,0,0,0,0,0,0,0,0,0,0,0,0,0,0,0,0,0,0,0,0,0,0,0,0,0,0,0,0,0,0,0,0,0,0,0,0,0,0,0,0,0,0,0,0,0,0,0,0,0,0,0,0,0,0,0,0,0,0,0,0,0,0,0,0,0,0,0,0,0,0,0,0,0,0,0,0,0,46,0,0,0,0,0,0,0,0,0,0,0,0,0,0,0,0,0,0,0,0,0,0,0,0,0,0,0,0,0,0,0,0,0,0,0,0,0,0,0,0,0,0,0,0,0,0,0,0,0,0,0,0,0,0,0,0,0,0,0,0,0,0,0,0,0,0,0,0,0,0,0,0,0,0,0,0,0,0,0,0,0,0,0,0,0,0,0,0,0,0,0,0,0,0,0,0,0,0,0,0,0,0,0,0,0,0,0,0,0,0,0,0,0,0,0,0,0
BOLD,Chordata,Actinopteri,Scorpaeniformes,Liparidae,Paraliparis,rosaceus,Paraliparis rosaceus,18,0,0,0,0,0,0,0,0,0,0,0,0,0,0,0,0,0,0,0,0,0,0,0,0,0,0,0,0,0,0,0,0,0,0,0,0,0,0,0,0,0,0,0,0,0,0,0,0,0,0,0,0,0,0,0,0,0,0,10,0,0,0,0,0,0,0,0,0,0,0,0,0,0,0,0,0,0,8,0,0,0,0,0,0,0,0,0,0,0,0,0,0,0,0,0,0,0,0,0,0,0,0,0,0,0,0,0,0,0,0,0,0,0,0,0,0,0,0,0,0,0,0,0,0,0,0,0,0,0,0,0,0,0,0,0,0,0,0,0,0,0,0,0,0,0,0,0,0,0,0,0,0,0,0,0,0,0,0,0,0,0,0,0,0,0,0,0,0,0,0,0,0,0,0,0,0,0,0,0,0,0,0,0,0,0,0,0,0,0,0,0,0,0,0,0,0,0,0,0,0,0,0,0,0,0,0,0,0,0,0,0,0,0,0,0,0,0,0,0,0,0,0,0,0,0,0,0,0,0,0,0,0,0,0,0,0,0,0,0,0,0,0,0
BOLD,Chordata,Actinopteri,Pleuronectiformes,Pleuronectidae,Parophrys,vetulus,Parophrys vetulus,1487,0,0,0,0,5,0,0,0,0,0,0,0,0,0,0,0,0,0,0,0,0,0,0,0,0,0,0,0,0,0,0,0,0,0,0,0,0,0,0,0,0,0,0,0,0,0,0,0,0,0,0,0,0,0,0,0,0,0,0,0,0,0,0,0,0,0,0,0,0,0,0,0,0,0,0,0,0,0,0,0,4,0,0,0,0,0,13,0,0,0,3,0,2,0,2,0,0,0,70,0,0,36,11,0,0,0,12,0,0,0,0,0,0,0,0,20,33,0,0,0,0,25,0,0,0,0,0,0,0,0,0,0,47,0,0,0,0,0,0,0,0,0,25,0,0,8,0,0,0,0,82,0,0,0,0,11,0,0,49,0,4,0,44,0,12,0,55,0,0,0,10,11,0,29,34,0,17,0,57,0,104,0,12,0,0,0,14,0,144,0,114,0,25,0,264,0,0,0,0,0,9,2,0,0,0,0,0,0,0,0,0,0,0,0,0,0,0,0,0,0,0,0,0,10,0,0,0,0,0,0,0,0,0,0,0,0,0,0,0,58,0,0,0
MIDORI16S,Chordata,Actinopteri,Perciformes,Perciformes,Perciformes,sp,Perciformes sp,1717,0,0,0,0,0,0,0,0,0,0,0,0,0,0,0,0,0,0,0,0,11,3,0,5,0,0,69,0,0,0,125,0,0,0,37,0,0,0,0,0,0,0,2,0,0,0,0,11,0,2,0,14,0,0,0,0,0,0,0,0,0,0,0,0,0,0,10,0,0,0,0,136,70,0,0,0,0,0,0,13,47,23,0,0,0,0,4,0,0,0,0,0,30,0,34,39,0,0,0,0,0,0,0,0,0,0,0,0,24,0,0,10,0,0,0,101,0,0,0,0,215,0,0,5,0,29,3,0,0,0,0,0,0,0,0,0,0,0,0,0,0,0,0,0,0,0,0,0,0,0,0,0,48,11,132,19,0,0,0,0,0,0,0,0,0,0,0,0,44,2,29,0,0,0,0,0,0,0,0,33,0,0,0,0,0,0,0,0,0,0,0,0,0,0,0,35,0,0,0,22,0,0,0,0,0,0,0,0,0,0,0,0,0,0,0,19,3,36,87,0,0,0,0,2,0,0,58,0,0,0,0,18,0,47,0,0,0,0,0,0,0,0,0
BOLD,Chordata,Actinopteri,Scorpaeniformes,Agonidae,Percis,japonica,Percis japonica,128,0,0,0,0,0,0,0,0,0,0,0,0,0,0,0,0,0,0,0,0,0,0,0,0,0,0,0,0,0,0,0,0,0,0,0,0,0,0,0,0,0,0,0,0,0,0,0,13,0,0,0,0,0,0,0,0,0,0,0,0,0,0,0,0,0,0,0,0,0,0,0,0,0,0,0,0,0,0,0,0,0,0,0,0,0,0,0,0,0,0,0,0,0,0,70,0,0,0,0,0,0,0,0,0,0,0,0,0,0,0,0,0,0,0,0,0,0,0,0,0,0,0,0,0,0,0,0,0,0,0,0,0,0,0,0,0,0,0,0,0,0,0,0,0,0,0,0,0,0,0,0,0,0,0,0,0,0,0,0,0,0,0,0,0,0,0,0,0,0,0,0,0,0,0,0,0,0,0,0,0,0,0,0,0,0,0,0,0,0,0,0,0,0,0,0,0,0,0,0,0,0,0,0,0,0,0,0,0,0,0,0,0,0,0,0,45,0,0,0,0,0,0,0,0,0,0,0,0,0,0,0,0,0,0,0,0,0,0,0,0,0,0,0
BOLD,Chordata,Actinopteri,Ovalentaria,Embiotocidae,Phanerodon,furcatus,Phanerodon furcatus,48,0,0,0,0,0,0,0,0,0,0,0,0,0,0,0,0,0,0,0,0,0,0,0,0,0,0,0,0,0,0,0,0,0,0,0,0,0,0,0,0,0,0,0,0,0,0,0,0,0,0,0,0,0,0,0,0,0,0,0,0,0,0,0,0,0,0,0,0,0,0,0,0,0,0,0,0,0,0,0,6,0,0,0,0,0,0,15,0,0,0,0,0,0,0,0,0,0,0,0,0,0,0,0,0,0,0,0,0,0,0,0,0,0,0,0,0,0,0,0,0,0,0,0,0,0,0,0,0,0,0,0,0,0,0,0,0,0,0,0,0,0,0,0,0,0,0,0,0,0,0,0,0,0,0,0,0,0,0,0,0,0,0,0,0,0,0,0,0,0,0,0,0,0,0,0,0,0,0,0,0,0,0,0,0,0,0,0,0,0,0,0,0,0,0,0,0,0,0,0,0,0,0,0,0,0,0,0,0,0,0,0,0,0,0,0,0,0,0,0,0,0,0,2,0,0,0,0,0,0,0,0,0,0,0,0,0,0,0,0,0,25,0,0
BOLD,Chordata,Actinopteri,Ovalentaria,Embiotocidae,Phanerodon,vacca,Phanerodon vacca,31081,0,0,0,0,0,0,0,0,0,0,0,0,0,0,0,0,0,0,0,0,0,0,0,0,0,0,0,0,0,0,0,0,0,0,0,0,9,0,0,0,0,0,0,0,0,0,0,0,0,4,0,0,0,0,0,0,0,0,0,0,0,0,0,0,562,0,0,0,0,0,0,2,0,9,0,0,0,0,0,7,0,0,0,0,0,0,9536,0,0,0,0,0,39,0,0,0,0,0,0,0,0,0,0,0,0,0,0,0,0,0,0,0,0,0,0,0,0,0,0,0,0,0,0,35,0,31,0,0,0,0,0,0,7,0,0,0,0,18,12,10,54,0,0,0,0,0,0,0,0,0,0,0,480,54,0,48,0,0,0,0,0,0,0,0,0,0,0,0,0,324,0,1520,0,0,0,0,0,0,0,0,0,0,0,0,0,0,0,0,0,0,0,0,0,0,0,0,0,0,0,0,0,0,0,0,0,0,0,0,7,0,0,3,0,0,0,59,122,3,0,0,0,0,7952,0,0,0,0,0,0,0,0,0,0,303,0,0,0,0,0,0,9869,2,0
BOLD,Chordata,Mammalia,Carnivora,Phocidae,Phoca,vitulina,Phoca vitulina,491572,0,0,0,0,5,0,6,0,0,0,0,0,0,0,0,0,0,0,0,0,0,3,0,0,0,0,0,0,0,0,0,0,0,0,0,0,0,2,0,0,0,0,0,0,0,0,0,0,0,3,2,0,0,0,0,0,0,0,0,0,0,0,0,0,0,0,3,5,0,0,0,0,0,0,0,0,0,0,0,0,8,8,17474,0,0,0,0,0,0,0,0,0,0,0,4,2,0,0,0,0,0,0,0,0,0,0,0,0,0,2,8,4,0,0,0,0,0,0,0,0,0,0,0,2,0,7,0,0,0,0,0,0,0,0,0,0,0,0,2,8,13449,0,0,0,0,0,0,0,0,0,0,0,5,15,2,11843,0,0,0,0,0,0,0,0,0,0,0,0,6,0,228724,19521,0,0,0,0,0,0,0,0,0,0,0,0,72269,8604,38496,4169,0,0,0,0,0,0,0,0,0,0,0,3,0,8,0,0,0,0,0,0,0,0,0,0,0,0,0,5,0,0,0,0,0,0,0,0,0,0,0,0,0,0,0,17,76868,0,0,0,0,0,0,0,0,0,10
BOLD,Chordata,Mammalia,Artiodactyla,Phocoenidae,Phocoena,phocoena,Phocoena phocoena,92135,0,0,0,0,6,0,0,10243,0,0,0,0,0,0,0,0,0,0,0,0,81850,2,0,0,0,0,0,0,0,0,0,0,0,0,0,2,0,0,0,0,0,0,0,0,0,0,0,0,0,3,0,0,0,0,0,0,0,0,0,0,0,0,0,0,0,4,0,0,0,0,0,0,0,0,0,0,0,0,0,0,2,5,5,0,0,0,0,0,0,0,0,0,0,0,0,0,0,0,0,0,0,0,0,0,0,0,0,0,0,0,0,0,0,0,0,0,0,0,0,0,0,0,0,0,0,0,0,0,0,0,0,0,0,0,0,0,0,0,0,0,0,0,0,0,0,0,0,0,0,0,0,0,0,0,0,0,0,0,0,0,0,0,0,0,0,0,0,0,0,0,0,0,0,0,0,0,0,0,0,0,0,0,0,0,0,0,0,0,0,0,0,0,0,0,0,0,0,0,0,0,0,4,0,0,0,0,0,0,0,0,0,0,0,0,0,7,0,0,2,0,0,0,0,0,0,0,0,0,0,0,0,0,0,0,0,0,0,0,0,0,0,0,0
BOLD,Chordata,Actinopteri,Scorpaeniformes,Pholidae,Pholis,clemensi,Pholis clemensi,214,0,0,0,0,0,0,0,0,0,0,0,0,10,0,0,0,0,0,0,0,0,0,33,0,0,0,0,0,0,0,0,0,0,0,0,0,0,0,0,0,0,0,0,0,0,0,3,0,0,0,0,0,0,0,0,0,0,0,0,0,0,0,0,0,0,0,0,0,0,0,0,0,0,0,0,0,0,0,0,0,0,0,0,0,0,0,0,0,0,0,0,0,0,0,0,0,0,0,0,0,0,0,0,0,0,0,0,0,0,0,0,0,0,0,0,0,0,0,0,0,0,0,0,0,0,0,5,0,0,0,0,0,0,0,0,0,0,0,0,0,0,0,0,0,0,0,0,0,0,0,0,0,4,2,0,0,0,0,0,0,0,0,0,0,0,0,0,0,3,0,0,0,0,0,0,0,0,0,0,0,0,0,0,0,0,0,0,0,0,0,0,0,0,0,0,0,14,0,0,134,0,0,0,0,0,0,0,0,0,0,0,0,0,0,0,0,0,0,2,0,0,0,0,0,0,2,2,0,0,0,0,0,0,0,0,0,0,0,0,0,0,0,0
BOLD,Chordata,Actinopteri,Scorpaeniformes,Pholidae,Pholis,laeta,Pholis laeta,73925,0,0,0,0,0,0,0,2518,0,0,0,3,12,0,6,12,0,0,0,0,0,818,0,781,0,0,2,0,10,12,0,0,0,2,269,0,0,0,3,0,0,0,0,0,0,0,5,0,3421,0,0,0,0,0,0,0,3,0,0,14,0,0,0,0,0,0,1495,0,4,0,0,23,29,42,5189,0,0,0,0,0,0,513,0,0,0,0,0,0,0,0,0,0,0,0,0,0,0,0,0,0,0,0,2,0,0,0,0,0,0,0,0,937,0,2,0,0,2,0,0,0,0,0,0,1240,0,2539,0,0,0,0,0,0,0,0,0,0,0,493,0,0,0,0,2,0,0,346,0,0,0,0,0,0,1467,703,0,3271,0,0,0,0,0,0,33,0,0,0,0,0,0,0,0,504,0,0,0,0,3,2077,4,6068,0,0,0,0,0,0,0,0,0,0,0,0,0,0,0,4716,157,0,0,0,0,0,0,0,0,0,0,0,0,2,40,0,0,0,0,0,286,465,673,0,0,0,0,30,8,15531,2658,13972,0,0,0,0,0,505,0,0,3,0,0,0,0,0,0
BOLD,Chordata,Actinopteri,Scorpaeniformes,Pholidae,Pholis,ornata,Pholis ornata,53682,0,0,0,0,0,0,0,0,0,0,0,0,7,2,0,3,0,0,0,0,352,0,0,0,0,0,0,0,0,0,12791,0,0,0,0,0,0,0,0,0,0,0,0,0,0,0,2,0,5,0,0,0,0,0,0,7,2,0,0,0,0,0,0,0,437,0,0,0,0,0,0,0,0,0,2,0,0,0,0,0,0,0,0,0,0,0,0,0,0,0,0,0,2202,0,922,0,0,0,0,0,0,0,0,0,0,0,0,0,0,0,0,0,0,0,0,0,0,0,0,0,0,0,0,0,0,0,679,0,0,0,0,0,0,0,0,0,0,661,0,0,0,0,0,0,0,0,0,0,0,0,0,1039,289,0,0,4559,0,0,0,0,0,0,0,6238,0,0,0,0,0,0,0,0,0,0,0,0,0,0,0,6367,0,0,0,1477,0,0,0,0,0,0,0,0,0,0,0,2381,8,0,0,313,275,0,0,0,0,0,0,0,0,0,0,6,0,0,0,0,0,554,0,0,0,0,12087,4,0,0,11,0,0,0,0,0,0,0,0,0,0,0,0,0,0,0,0
BOLD,Chordata,Actinopteri,Scorpaeniformes,Pholidae,Pholis,sp,Pholis sp,28695,0,0,0,0,0,0,0,0,0,0,0,0,0,0,0,0,0,0,0,0,0,0,0,27,0,0,0,0,0,0,151,0,0,0,33,0,0,0,0,0,0,0,0,0,0,0,3074,4,12,0,0,0,0,0,0,0,3,0,0,0,0,0,2,0,0,0,34,0,0,0,0,0,2,0,34,0,0,0,0,0,0,0,0,0,0,0,0,0,0,0,0,0,56,0,0,0,0,0,0,0,0,0,0,0,0,3,0,0,0,0,0,30,0,0,2,0,0,0,0,0,0,0,0,0,0,127,0,0,0,0,0,0,0,0,0,0,0,0,0,0,0,0,0,0,0,0,0,0,0,0,0,0,150,92,0,91,0,0,2,0,0,0,0,20,0,0,0,0,0,0,0,0,0,0,2,0,0,9,0,167,3,0,0,9,0,0,0,0,0,0,0,0,0,0,0,107,23591,0,0,86,0,0,0,0,0,0,0,0,189,0,0,0,2,0,0,0,0,56,36,0,0,0,43,0,156,74,50,166,0,0,0,0,0,0,0,0,0,0,0,0,0,0,0
BOLD,Chordata,Actinopteri,Scorpaeniformes,Stichaeidae,Phytichthys,chirus,Phytichthys chirus,1460,0,0,0,0,0,506,0,0,0,0,0,0,0,0,0,0,0,0,0,0,286,0,0,0,0,0,0,0,0,0,0,0,0,0,0,0,0,0,0,0,0,0,0,0,0,0,0,0,0,0,0,0,0,0,0,0,0,0,0,0,0,0,0,0,0,0,0,0,0,0,0,0,0,0,0,0,0,0,0,0,0,0,0,0,0,0,0,0,0,0,0,0,0,0,0,84,0,0,0,0,0,0,0,0,0,0,0,0,0,0,0,0,0,0,0,0,0,0,0,0,0,0,0,0,0,0,0,0,0,0,0,0,0,0,0,0,0,0,0,0,0,0,0,0,0,0,0,0,0,0,0,0,110,0,193,0,0,0,0,0,0,0,0,0,0,0,0,0,0,0,0,0,0,0,0,0,0,0,0,0,0,0,0,0,6,0,0,0,0,0,0,0,0,0,0,0,0,0,0,0,0,0,0,0,0,0,0,0,0,0,0,0,0,0,0,106,0,0,0,0,0,0,0,0,0,0,0,0,0,0,0,0,0,169,0,0,0,0,0,0,0,0,0
BOLD,Chordata,Actinopteri,Pleuronectiformes,Pleuronectidae,Platichthys,stellatus,Platichthys stellatus,44600,0,0,0,0,224,2,0,0,0,0,0,0,0,0,0,0,0,0,0,0,137,0,0,0,0,0,0,0,4,0,0,0,0,0,173,0,8,0,0,0,0,16151,8954,26,1349,0,0,0,1442,23,6,0,23,0,0,0,0,0,0,0,0,0,0,0,0,2,0,62,0,0,0,0,0,0,0,0,5565,0,0,7,9,0,0,0,0,0,6,0,0,0,4,2,23,0,138,0,0,0,47,0,0,34,8,0,0,0,13,0,5,0,61,0,0,0,0,17,4,0,0,0,0,6,0,0,0,0,0,2,6,0,0,0,7,0,0,0,0,0,0,0,0,0,0,0,0,202,0,0,0,0,283,0,27,0,54,0,0,0,53,0,7,0,198,0,3,0,1169,0,8,0,4,0,0,16,36,2,10,0,68,0,261,4510,11,0,0,0,0,0,1438,0,136,0,20,0,300,0,0,0,0,299,0,861,0,0,0,0,0,0,0,0,2,0,0,0,0,28,0,15,0,0,0,0,0,7,0,0,13,0,0,0,0,0,0,0,0,0,0,0,0,9,0,0,0
BOLD,Chordata,Actinopteri,Pleuronectiformes,Pleuronectidae,Pleuronectes,quadrituberculatus,Pleuronectes quadrituberculatus,87,0,0,0,0,0,0,0,0,0,0,0,0,0,0,0,0,0,0,0,0,0,0,0,0,0,0,0,0,0,0,0,0,0,0,0,0,0,0,0,0,0,14,9,0,0,0,0,0,0,0,0,0,0,0,0,0,0,0,0,0,0,0,0,0,0,0,0,0,0,0,0,0,0,0,0,0,3,0,0,0,0,0,0,0,0,0,0,0,0,0,0,0,0,0,0,0,0,0,0,0,0,0,0,0,0,0,0,0,0,0,0,0,0,0,0,0,0,0,0,0,0,0,0,0,0,0,0,0,0,0,0,0,0,0,0,0,0,0,0,0,0,0,0,0,0,0,0,0,0,0,0,0,56,0,0,0,0,0,0,0,0,0,0,0,0,0,0,0,0,0,0,0,0,0,0,0,0,0,0,0,0,3,0,0,0,0,0,0,0,0,2,0,0,0,0,0,0,0,0,0,0,0,0,0,0,0,0,0,0,0,0,0,0,0,0,0,0,0,0,0,0,0,0,0,0,0,0,0,0,0,0,0,0,0,0,0,0,0,0,0,0,0,0
MIDORI16S,Chordata,Actinopteri,Pleuronectiformes,Pleuronectidae,Pleuronectidae,sp,Pleuronectidae sp,1301525,0,0,3,0,563,126,214,0,0,0,0,0,98,0,0,0,0,3,0,0,65,127,0,0,0,0,0,0,0,0,0,0,0,0,0,0,0,0,0,0,0,223,286,0,1311,0,0,0,57,14187,0,65,0,0,0,3,50,0,0,0,0,0,0,0,0,0,79,0,0,0,0,55,0,78,0,0,64,0,0,276,282,139,57,0,0,0,8402,0,0,0,7946,41,66,0,242,0,0,0,73371,0,0,48774,4524,0,0,12,23924,25,151,0,0,0,5,16,8,21094,7534,0,0,2,2,14493,4,0,0,0,90,4,179,12,0,0,9723,0,2,2,0,110,0,0,65,4,22045,0,13,1227,3,0,0,2,47573,8,0,86,533,893,0,3,89593,0,7930,0,37554,0,8453,0,56353,39,0,0,21185,1275,16,50906,57161,51,20383,0,9488,0,22634,6014,22150,28,0,0,36147,0,230580,16,199655,0,32996,0,49897,0,0,0,0,491,808,163,0,0,0,0,0,0,0,0,0,0,0,0,0,0,279,610,0,0,0,0,0,14651,0,0,0,0,0,0,0,0,0,0,0,0,0,0,0,12395,0,0,0
BOLD,Chordata,Actinopteri,Pleuronectiformes,Pleuronectidae,Pleuronichthys,coenosus,Pleuronichthys coenosus,151433,0,0,0,0,0,0,0,0,0,0,0,0,0,0,2,0,0,0,0,0,0,0,2,0,0,0,0,0,0,0,0,0,0,0,0,0,11,0,0,0,0,0,0,0,0,0,0,0,0,0,0,8,6,0,0,0,0,0,0,0,0,0,0,0,0,0,7,0,0,0,0,0,0,0,0,0,0,0,0,0,0,0,0,0,0,0,0,0,0,0,0,0,0,0,0,0,0,0,0,0,0,0,0,0,0,0,0,0,58,0,2,0,0,0,0,0,0,0,0,0,0,0,0,0,0,0,0,0,0,0,0,0,0,0,0,0,0,0,0,5,0,0,0,0,0,0,0,0,0,0,0,0,0,45251,0,0,0,0,0,0,0,0,0,0,0,0,0,0,0,0,2,101,0,0,0,0,0,0,0,1687,0,0,0,0,2,0,5,0,0,0,0,0,0,0,0,0,0,0,0,104217,0,0,0,0,0,0,0,0,0,0,0,0,0,0,0,42,3,0,0,0,0,0,0,0,0,0,0,0,0,0,0,12,0,3,4,0,0,0,0,3,0,0,0
BOLD,Chordata,Actinopteri,Scorpaeniformes,Agonidae,Podothecus,accipenserinus,Podothecus accipenserinus,509,0,0,0,0,0,0,0,0,2,0,0,0,0,0,0,0,0,0,0,0,3,0,0,0,0,0,0,0,0,0,0,0,0,0,0,0,0,0,0,0,0,0,0,0,0,0,0,0,0,0,0,0,0,0,0,0,0,0,0,0,0,0,0,0,0,0,0,0,0,0,0,0,0,0,0,0,0,0,0,0,124,0,0,0,0,0,0,0,0,0,0,0,0,0,0,0,0,0,0,0,0,0,0,0,0,0,0,0,0,0,0,0,0,0,0,0,0,0,0,0,0,0,0,0,0,0,0,0,0,0,0,0,0,0,0,0,0,0,0,0,0,0,0,0,0,0,0,0,0,0,0,0,0,0,0,0,0,0,0,0,0,0,0,0,0,0,0,0,0,0,0,0,0,0,0,0,0,0,0,0,0,0,0,0,0,0,0,0,0,0,0,0,0,0,0,0,0,0,0,0,0,0,0,0,0,0,0,0,0,0,0,0,0,0,0,0,0,0,0,0,0,0,0,0,0,0,0,0,0,0,0,380,0,0,0,0,0,0,0,0,0,0,0
BOLD,Chordata,Actinopteri,Scorpaeniformes,Stichaeidae,Poroclinus,rothrocki,Poroclinus rothrocki,25,0,0,0,0,0,0,0,0,0,0,0,0,0,0,0,0,0,0,0,0,0,0,0,0,0,0,2,0,0,0,2,0,0,0,0,0,0,0,0,0,0,0,0,0,0,0,0,0,0,0,0,0,0,0,0,0,0,0,0,0,0,0,0,0,0,0,0,0,0,0,0,2,0,0,0,0,0,0,0,0,0,0,0,0,0,0,0,0,0,0,0,0,0,0,0,0,0,0,0,0,0,0,0,0,0,0,0,0,0,0,0,0,0,0,0,0,0,0,0,0,0,0,0,0,0,0,0,0,0,0,0,0,0,0,0,0,0,0,0,0,0,0,0,0,0,0,0,0,0,0,0,0,0,19,0,0,0,0,0,0,0,0,0,0,0,0,0,0,0,0,0,0,0,0,0,0,0,0,0,0,0,0,0,0,0,0,0,0,0,0,0,0,0,0,0,0,0,0,0,0,0,0,0,0,0,0,0,0,0,0,0,0,0,0,0,0,0,0,0,0,0,0,0,0,0,0,0,0,0,0,0,0,0,0,0,0,0,0,0,0,0,0,0
BOLD,Chordata,Actinopteri,Scorpaeniformes,Psychrolutidae,Psychrolutes,sigalutes,Psychrolutes sigalutes,3114,0,0,0,0,0,0,0,0,0,0,0,0,0,0,0,0,0,0,0,0,0,0,0,0,0,0,0,0,0,7,0,0,0,0,0,0,0,0,0,0,0,0,0,0,0,0,0,0,0,0,0,61,0,0,0,0,0,0,0,0,0,0,0,0,0,0,0,0,0,0,0,0,0,0,32,0,0,0,0,0,161,0,0,0,0,0,0,0,0,0,0,0,0,0,0,0,0,0,0,0,0,0,0,0,0,0,0,0,0,0,0,0,0,0,0,0,0,0,0,0,0,0,0,0,0,0,0,0,0,0,2843,0,0,0,0,0,0,0,0,0,0,0,0,0,0,0,0,0,0,0,0,0,0,0,0,0,0,0,0,0,0,0,0,0,0,0,0,0,5,0,0,0,0,0,0,0,0,0,0,0,0,0,0,0,0,0,0,0,0,0,0,0,0,0,0,0,0,0,0,0,5,0,0,0,0,0,0,0,0,0,0,0,0,0,0,0,0,0,0,0,0,0,0,0,0,0,0,0,0,0,0,0,0,0,0,0,0,0,0,0,0,0,0
BOLD,Chordata,Actinopteri,Scorpaeniformes,Cottidae,Radulinus,asprellus,Radulinus asprellus,42,0,0,0,0,0,0,0,0,0,0,0,0,0,0,0,0,0,0,0,0,0,0,0,0,0,0,0,0,0,0,0,0,0,0,0,0,0,0,0,0,0,0,0,0,0,0,0,0,0,0,0,20,0,0,0,0,0,0,0,0,0,0,0,0,0,0,0,0,0,0,0,0,0,0,0,0,0,0,0,0,0,22,0,0,0,0,0,0,0,0,0,0,0,0,0,0,0,0,0,0,0,0,0,0,0,0,0,0,0,0,0,0,0,0,0,0,0,0,0,0,0,0,0,0,0,0,0,0,0,0,0,0,0,0,0,0,0,0,0,0,0,0,0,0,0,0,0,0,0,0,0,0,0,0,0,0,0,0,0,0,0,0,0,0,0,0,0,0,0,0,0,0,0,0,0,0,0,0,0,0,0,0,0,0,0,0,0,0,0,0,0,0,0,0,0,0,0,0,0,0,0,0,0,0,0,0,0,0,0,0,0,0,0,0,0,0,0,0,0,0,0,0,0,0,0,0,0,0,0,0,0,0,0,0,0,0,0,0,0,0,0,0,0
BOLD,Chordata,Actinopteri,Scorpaeniformes,Rhamphocottidae,Rhamphocottus,richardsonii,Rhamphocottus richardsonii,21,0,0,0,0,0,0,0,0,0,0,0,0,0,0,0,0,0,0,0,0,0,0,0,0,0,0,0,0,0,0,0,0,0,0,0,0,19,0,0,0,0,0,0,0,0,0,0,0,0,0,0,0,0,0,0,0,0,0,0,0,0,0,0,0,0,0,0,0,0,0,0,0,0,0,0,0,0,0,0,0,0,0,0,0,0,0,0,0,0,0,0,0,0,0,0,0,0,0,0,0,0,0,0,0,0,0,0,0,0,0,0,0,0,0,0,0,0,0,0,0,0,0,0,0,0,0,0,0,0,0,0,0,0,0,0,0,0,0,0,0,0,0,0,0,0,0,0,0,0,0,0,0,0,0,0,0,0,0,0,0,0,0,0,0,0,0,0,0,0,0,0,0,0,0,0,0,0,0,0,0,0,0,0,0,0,0,0,0,0,0,0,0,0,0,0,0,0,0,0,0,0,0,0,0,0,0,0,0,0,0,0,0,0,0,0,0,0,0,0,0,0,0,0,0,2,0,0,0,0,0,0,0,0,0,0,0,0,0,0,0,0,0,0
BOLD,Chordata,Actinopteri,Scorpaeniformes,Liparidae,Rhinoliparis,barbulifer,Rhinoliparis barbulifer,57,0,0,0,0,0,0,0,0,0,0,0,0,0,0,0,0,0,0,0,0,0,0,0,0,0,0,0,0,0,0,0,0,0,0,0,0,0,0,0,0,0,0,0,0,0,0,0,0,0,0,0,0,0,0,0,0,0,0,30,0,0,0,0,0,0,0,0,0,0,0,0,0,0,0,0,0,0,27,0,0,0,0,0,0,0,0,0,0,0,0,0,0,0,0,0,0,0,0,0,0,0,0,0,0,0,0,0,0,0,0,0,0,0,0,0,0,0,0,0,0,0,0,0,0,0,0,0,0,0,0,0,0,0,0,0,0,0,0,0,0,0,0,0,0,0,0,0,0,0,0,0,0,0,0,0,0,0,0,0,0,0,0,0,0,0,0,0,0,0,0,0,0,0,0,0,0,0,0,0,0,0,0,0,0,0,0,0,0,0,0,0,0,0,0,0,0,0,0,0,0,0,0,0,0,0,0,0,0,0,0,0,0,0,0,0,0,0,0,0,0,0,0,0,0,0,0,0,0,0,0,0,0,0,0,0,0,0,0,0,0,0,0,0
BOLD,Chordata,Actinopteri,Gobiesociformes,Gobiesocidae,Rimicola,muscarum,Rimicola muscarum,121,0,0,0,0,0,0,0,0,0,0,0,0,0,0,0,0,0,0,0,0,0,0,0,0,0,0,0,0,0,0,0,0,0,0,0,0,0,0,0,0,0,0,0,2,0,0,0,0,0,0,0,0,0,0,0,0,0,0,0,0,0,0,0,0,0,0,0,0,0,0,0,0,0,0,0,0,0,0,0,0,0,0,0,0,0,0,0,0,0,0,0,0,0,0,0,0,0,0,0,0,0,0,0,0,0,0,0,0,0,0,0,0,0,0,0,0,0,0,0,0,0,0,0,0,0,0,0,0,0,0,0,0,0,0,0,0,0,0,0,0,0,0,0,0,0,0,0,0,0,0,0,0,0,0,0,0,0,0,0,0,0,0,0,0,0,0,0,0,0,0,0,119,0,0,0,0,0,0,0,0,0,0,0,0,0,0,0,0,0,0,0,0,0,0,0,0,0,0,0,0,0,0,0,0,0,0,0,0,0,0,0,0,0,0,0,0,0,0,0,0,0,0,0,0,0,0,0,0,0,0,0,0,0,0,0,0,0,0,0,0,0,0,0
BOLD,Chordata,Actinopteri,Scorpaeniformes,Bathymasteridae,Ronquilus,jordani,Ronquilus jordani,4245,0,0,0,0,0,0,0,25,0,0,0,0,14,4031,42,0,0,0,0,0,0,0,0,0,0,0,0,0,0,0,0,0,0,0,0,0,33,0,0,0,0,0,0,0,0,0,0,0,0,0,0,0,0,0,0,0,0,0,0,0,0,0,0,0,2,0,0,0,0,0,0,2,0,0,0,0,0,0,0,0,24,0,0,0,0,0,0,0,0,0,0,0,0,0,0,0,0,0,0,0,0,0,0,0,0,0,0,0,0,0,0,0,0,0,0,0,0,0,0,0,0,0,0,0,0,0,25,0,0,0,0,0,0,0,0,0,0,0,0,0,0,0,0,0,0,0,0,0,0,0,0,0,0,0,0,0,0,0,0,0,0,0,0,0,0,0,0,0,6,0,0,0,0,0,0,0,0,0,0,0,0,0,0,0,0,15,0,0,0,0,0,0,0,0,0,0,0,0,0,0,0,0,0,0,0,0,0,0,0,6,0,0,0,0,0,0,0,0,0,0,0,0,0,0,0,0,0,0,0,0,0,0,0,0,18,0,0,0,0,2,0,0,0
BOLD,Chordata,Actinopteri,Salmoniformes,Salmonidae,Salmo,salar,Salmo salar,2284,0,0,0,0,99,0,0,0,2,2,0,0,31,0,2,0,0,0,0,3,8,0,0,0,0,0,0,0,0,29,0,0,0,0,0,0,0,0,0,0,0,0,0,8,6,0,0,0,0,16,0,0,21,0,0,0,2,0,11,3,0,0,0,0,28,0,59,0,0,0,0,17,0,28,42,0,0,0,0,0,0,0,8,0,0,0,0,25,0,0,0,0,0,0,0,0,0,0,0,0,0,0,0,0,0,0,0,0,8,0,1373,0,0,0,0,0,0,0,0,0,0,0,0,0,0,5,0,0,0,0,0,0,0,0,0,0,0,0,0,3,0,0,0,0,0,0,0,0,0,0,0,0,27,0,0,0,0,0,0,0,22,0,11,0,0,0,0,0,57,0,38,0,0,0,0,0,0,0,2,0,0,0,0,0,0,11,0,0,0,0,0,0,0,0,0,0,0,0,0,0,0,55,0,0,0,0,0,0,2,0,40,0,0,0,0,35,0,49,0,0,0,0,0,21,12,0,0,0,0,0,0,0,0,0,0,0,0,0,0,15,27,21,0
BOLD,Chordata,Actinopteri,Salmoniformes,Salmonidae,Salmonidae,sp,Salmonidae sp,603,0,0,0,0,0,0,0,0,0,0,0,0,0,0,0,0,0,0,0,327,0,0,0,0,0,0,0,0,0,0,7,0,0,0,0,0,0,0,0,0,0,0,0,0,11,0,0,0,63,0,0,0,0,0,0,0,0,0,0,0,0,0,0,0,0,0,0,0,0,0,0,0,0,0,0,0,0,0,0,0,0,0,0,0,0,0,0,78,0,0,0,2,0,0,0,0,0,0,0,0,0,0,0,0,0,0,0,2,0,0,0,0,0,0,0,0,0,0,0,0,0,0,0,0,0,0,0,0,0,0,0,0,0,0,0,0,0,0,0,0,0,0,0,0,5,0,0,0,0,0,0,0,0,0,0,0,0,0,0,0,0,0,0,0,0,0,0,0,0,0,0,0,0,0,0,0,0,0,0,0,0,0,0,0,0,0,0,0,0,0,0,0,0,0,0,0,0,0,3,0,0,0,0,0,0,0,0,0,0,0,0,0,0,0,53,0,0,0,0,0,0,0,0,0,12,0,14,0,0,0,26,0,0,0,0,0,0,0,0,0,0,0,0
BOLD,Chordata,Actinopteri,Salmoniformes,Salmonidae,Salvelinus,confluentus,Salvelinus confluentus,6465,0,0,0,0,0,0,0,0,0,0,0,0,0,0,0,0,0,0,0,6307,0,0,0,0,0,0,0,0,0,0,2,0,0,0,0,0,0,0,0,0,0,0,0,0,34,0,0,0,12,0,0,0,0,0,0,0,0,0,0,0,0,0,0,0,0,0,0,0,0,0,0,0,0,0,0,0,0,0,0,0,0,0,0,0,0,0,0,78,0,0,0,0,0,0,0,0,0,0,0,0,0,0,0,0,0,0,0,0,0,0,0,0,0,0,0,0,0,0,0,0,0,0,0,0,0,0,0,0,0,0,0,0,0,0,0,0,0,0,0,0,0,0,0,0,0,0,0,0,0,0,0,0,0,0,0,0,0,0,0,0,0,0,0,0,0,0,0,0,0,0,0,0,0,0,0,0,0,0,0,0,0,0,0,0,0,0,0,0,0,0,0,0,0,0,0,0,0,0,0,0,0,0,0,0,0,0,0,0,0,0,0,0,0,0,4,0,0,0,0,0,0,0,0,0,7,0,15,0,0,0,6,0,0,0,0,0,0,0,0,0,0,0,0
BOLD,Chordata,Actinopteri,Salmoniformes,Salmonidae,Salvelinus,malma,Salvelinus malma,47820,0,0,0,0,0,0,0,0,0,0,0,0,0,0,0,0,0,0,0,7287,0,0,0,0,0,0,0,0,0,7,1620,0,0,0,0,0,0,0,0,0,0,0,0,0,3516,0,0,0,3982,0,48,0,0,0,0,0,0,0,0,0,0,0,0,0,0,0,0,0,0,0,0,2,2,0,0,0,0,0,0,0,0,0,0,0,0,0,3,9472,0,0,0,183,0,0,0,0,0,0,0,0,0,0,0,0,0,0,0,303,0,0,0,0,0,0,0,0,0,0,181,0,0,0,0,0,0,0,0,0,0,0,0,0,0,0,0,0,0,0,0,0,0,0,0,0,217,0,0,3,0,0,0,0,0,0,0,226,0,2,0,0,0,0,0,0,0,0,0,0,0,0,0,0,0,0,0,0,0,0,0,0,0,0,0,0,0,0,0,0,0,0,0,0,0,0,0,0,0,0,1323,0,0,0,0,0,0,0,0,0,0,0,0,0,0,2,3420,0,0,0,0,0,0,0,458,2,3134,0,4640,0,0,0,7140,0,0,0,647,0,0,0,0,0,0,0,0
BOLD,Chordata,Actinopteri,Clupeiformes,Clupeidae,Sardinops,sagax,Sardinops sagax,64,0,0,0,0,0,0,0,0,0,0,0,0,0,0,0,0,0,0,0,0,0,0,0,0,0,0,0,0,0,0,0,0,0,0,0,0,0,0,0,0,0,0,0,0,0,0,0,0,0,0,0,0,0,0,0,0,0,0,0,0,0,0,0,0,0,2,0,2,0,0,0,0,0,0,2,0,0,0,0,0,0,0,0,0,0,0,0,0,0,0,0,0,0,0,0,0,0,0,0,0,0,0,0,0,0,0,0,0,0,0,0,0,0,0,0,0,0,0,0,0,0,0,0,0,0,0,0,0,0,0,0,0,0,0,0,0,0,0,0,0,0,0,0,0,0,0,0,0,0,0,0,0,0,0,0,0,0,0,0,0,0,0,0,0,0,0,0,0,0,0,0,0,0,0,0,0,0,0,0,0,0,0,0,0,0,0,0,0,0,0,0,0,0,0,0,0,0,0,0,0,0,0,0,0,0,0,0,0,0,0,0,0,0,0,0,0,0,0,0,0,0,0,0,0,0,0,0,0,0,0,0,15,0,43,0,0,0,0,0,0,0,0,0
BOLD,Chordata,Actinopteri,Scorpaeniformes,Cottidae,Scorpaenichthys,marmoratus,Scorpaenichthys marmoratus,3224,0,0,0,0,13,0,0,47,0,0,0,0,8,11,0,0,0,0,0,0,445,21,0,0,0,0,0,0,5,0,0,0,0,0,0,0,26,0,0,0,0,0,0,2,0,0,0,0,0,19,0,80,0,0,0,0,7,0,0,0,0,0,0,0,0,16,459,0,0,0,0,2,0,36,0,0,0,0,0,3,37,7,647,0,0,0,0,13,0,0,0,0,0,0,0,0,0,0,0,0,0,0,0,0,0,0,0,0,0,0,262,0,0,0,0,0,0,0,0,0,0,0,0,0,0,0,0,0,0,0,0,0,0,0,0,0,0,0,0,0,0,0,0,0,0,0,0,0,0,0,0,0,100,0,716,0,0,0,0,0,2,0,42,2,0,0,0,0,0,0,0,0,0,0,0,0,0,0,0,0,0,0,0,0,0,0,0,0,0,0,0,0,0,0,0,0,0,0,0,0,0,0,0,0,0,0,0,0,0,0,0,0,0,0,0,66,25,0,0,0,2,8,0,0,0,0,0,0,0,0,0,19,0,72,0,0,0,0,0,0,0,4,0
BOLD,Chordata,Actinopteri,Scorpaeniformes,Scorpaenidae,Sebastes,sp,Sebastes sp,752855,0,0,0,0,0,132,0,0,0,0,0,0,29150,19514,5,12,0,0,0,0,250,0,0,20460,0,0,0,97,284,162,10,0,22794,0,0,352,0,0,0,0,2,19008,4301,6933,19,0,0,0,0,0,0,330,0,0,0,0,17042,70,8,0,0,0,12770,0,291,176,218,0,0,65229,0,92,10294,91,6951,0,0,0,0,1169,279,378,565,0,0,0,17903,0,0,0,0,0,0,0,0,337,0,2,0,0,0,6,0,8,0,0,0,0,0,0,43018,1769,0,0,0,30799,0,3317,0,0,0,2,0,201,0,0,113,2,0,2,5004,0,0,5,0,0,22871,0,0,0,139,0,0,0,0,42,0,0,0,0,0,0,367,0,1070,3870,0,11,0,881,6795,0,4,2819,21139,0,0,0,0,223,0,616,0,0,0,0,1750,34697,7,4,0,0,0,0,0,1355,17261,0,0,0,0,0,4,25462,0,3083,0,0,0,26366,0,0,0,0,0,8,0,22614,24,95,44,0,0,0,1343,61991,0,0,0,0,2,0,0,14,16,13663,17313,0,0,0,0,0,38050,268,0,0,0,0,0,48885,35142,9,612
BOLD,Chordata,Elasmobranchii,Squaliformes,Squalidae,Squalus,suckleyi,Squalus suckleyi,1337116,0,0,0,0,24,91,630709,27,0,0,486,0,0,0,0,0,0,0,0,0,30,0,24,15,0,0,0,0,0,0,0,0,0,0,4,14,0,0,0,0,0,0,0,0,0,0,0,0,0,32,0,23,8,0,0,0,0,0,0,0,0,0,0,0,37,33,134054,0,0,0,0,0,0,0,0,0,0,0,0,13,51,32,62,0,0,0,0,0,0,0,0,0,33,36,0,0,0,0,0,0,0,0,0,0,0,0,0,0,0,3,0,0,0,0,0,0,0,0,0,0,0,0,0,2,0,99686,2,0,0,0,0,0,0,0,0,0,0,2,0,0,4,0,0,0,0,0,0,0,0,0,0,0,2,0,52637,0,0,0,0,0,0,0,0,0,0,0,0,0,4,0,0,0,0,0,0,0,0,0,0,0,0,0,0,0,0,0,8,2,0,0,0,0,0,0,0,0,0,0,0,29,0,95652,0,0,0,0,0,0,0,0,0,0,0,0,0,9,22,165984,32,0,0,0,0,0,0,0,0,0,0,0,0,16,0,157173,9,0,0,0,0,0,0,0,0
BOLD,Chordata,Actinopteri,Myctophiformes,Myctophidae,Stenobrachius,leucopsarus,Stenobrachius leucopsarus,991493,0,0,0,0,3,0,48,7,0,0,0,0,8,0,7,0,8,0,34154,0,0,15,52050,0,0,0,0,54,34,336345,0,2,0,37997,12,0,2,0,0,5,21452,4,14,20561,5,0,51,11,6,0,0,14,0,0,0,0,0,0,0,0,0,0,8,5,10,0,0,31,0,0,0,0,0,2,0,0,0,0,0,23,6,3,37,0,0,0,0,0,0,0,0,0,37,0,21,0,0,0,0,0,0,0,0,11,0,0,0,0,6,0,0,2,0,0,0,3,0,0,2,0,0,0,0,0,0,2,0,0,0,0,2,0,13410,0,0,0,0,0,29,0,4,0,0,0,0,50,0,0,0,0,0,0,0,75,40,0,0,0,0,0,0,0,0,0,0,0,0,0,84,0,0,0,0,0,0,0,0,0,0,0,0,0,0,0,0,13532,6,25,0,0,0,0,0,0,0,0,6,0,0,8,0,2,27,0,0,0,0,4,3,4,44,0,0,12695,2,32800,91,103841,7,0,0,3182,0,11824,2,61135,10,2,8,115078,10,0,91,15,0,0,0,85367,0,46,13,34833,8
BOLD,Chordata,Actinopteri,Myctophiformes,Myctophidae,Stenobrachius,nannochir,Stenobrachius nannochir,137269,0,0,0,0,3,0,0,0,0,0,0,0,0,0,0,0,0,0,4,0,0,0,11,0,0,0,0,83,0,167,0,0,0,9,0,2,2,16369,0,0,5,22,0,85106,0,0,0,0,0,0,0,0,0,0,0,0,0,0,0,0,0,0,0,0,0,0,0,0,0,0,0,2,0,0,0,0,0,0,0,20,0,0,0,0,0,0,0,0,0,0,0,0,0,0,0,2,0,0,0,0,0,0,0,0,0,0,0,0,0,0,0,0,0,0,0,0,0,0,0,0,0,0,0,0,0,0,0,0,0,0,0,0,2,0,0,0,0,0,0,0,0,0,0,0,0,0,0,0,0,0,0,0,0,0,0,0,0,0,0,0,2,0,0,0,0,0,0,0,0,68,0,0,0,0,0,0,5,0,0,0,0,0,0,0,0,2,0,0,0,0,0,0,0,0,0,0,0,0,0,0,0,0,0,0,0,0,0,13,7,0,30,0,0,0,0,11,0,38,0,0,0,0,0,8,0,33,0,0,0,20,0,0,0,0,0,0,0,18,0,35192,4,9,0
BOLD,Chordata,Actinopteri,Myctophiformes,Myctophidae,Stenobrachius,sp,Stenobrachius sp,1349,0,0,0,0,0,0,0,0,0,0,0,0,0,0,0,0,0,0,48,0,0,0,57,0,0,0,0,3,0,496,0,0,0,38,0,0,0,3,0,0,37,0,0,71,0,0,0,0,0,0,0,0,0,0,0,0,0,0,0,0,0,0,0,0,0,0,0,0,0,0,0,0,0,0,0,0,0,0,0,0,0,0,0,0,0,0,0,0,0,0,0,0,0,0,0,0,0,0,0,0,0,0,0,0,0,0,0,0,0,0,0,0,0,0,0,0,0,0,0,0,0,0,0,0,0,0,0,0,0,0,0,0,11,0,0,0,0,0,0,0,0,0,0,0,0,0,0,0,0,0,0,0,0,0,0,0,0,0,0,0,0,0,0,0,0,0,0,0,0,0,0,0,0,0,0,0,0,0,0,0,0,0,0,0,0,15,0,0,0,0,0,0,0,0,0,0,0,0,0,0,0,0,0,0,0,0,0,0,0,0,0,0,0,17,0,44,0,117,0,0,0,3,0,11,0,63,0,0,0,116,0,0,0,0,0,0,0,145,0,11,0,43,0
BOLD,Chordata,Actinopteri,Syngnathiformes,Syngnathidae,Syngnathus,leptorhynchus,Syngnathus leptorhynchus,7840,0,0,0,0,0,0,1084,0,0,0,0,0,0,0,0,0,0,0,0,0,224,0,0,215,0,0,0,0,0,0,0,0,0,0,0,0,203,0,0,0,0,0,0,0,0,0,0,0,0,0,0,0,0,0,0,0,0,0,0,0,0,0,0,0,241,0,0,0,0,0,0,0,0,0,0,0,0,0,0,0,0,0,0,0,0,0,0,0,0,0,0,0,0,0,0,33,0,0,0,0,0,0,0,0,0,0,0,0,127,0,0,0,0,0,0,0,0,2,0,0,0,0,0,0,0,223,0,0,0,0,0,0,0,0,0,0,0,0,0,0,0,0,0,0,0,1788,0,0,0,0,0,0,1623,735,0,0,0,0,0,0,0,0,0,0,0,0,0,0,53,0,69,239,0,0,0,0,0,0,0,0,0,0,0,0,263,119,0,0,0,0,0,0,0,0,0,0,0,0,0,161,108,0,270,0,0,0,0,0,0,0,0,0,0,0,0,0,0,0,58,0,0,0,0,2,0,0,0,0,0,0,0,0,0,0,0,0,0,0,0,0,0,0,0
BOLD,Chordata,Actinopteri,Myctophiformes,Myctophidae,Tarletonbeania,taylori,Tarletonbeania taylori,18,0,0,0,0,0,0,0,0,0,0,0,0,0,0,0,0,0,0,0,0,0,0,0,0,0,0,0,0,0,0,0,0,0,0,0,0,0,0,0,0,0,0,0,0,0,0,0,0,0,0,0,0,0,0,0,0,0,0,0,0,0,0,0,0,0,0,0,0,0,0,0,0,0,0,0,0,0,0,0,0,0,0,0,0,0,0,0,0,0,0,0,0,0,0,0,0,0,0,0,0,0,0,0,0,0,0,0,0,0,0,0,0,0,0,0,0,0,0,0,0,0,0,0,18,0,0,0,0,0,0,0,0,0,0,0,0,0,0,0,0,0,0,0,0,0,0,0,0,0,0,0,0,0,0,0,0,0,0,0,0,0,0,0,0,0,0,0,0,0,0,0,0,0,0,0,0,0,0,0,0,0,0,0,0,0,0,0,0,0,0,0,0,0,0,0,0,0,0,0,0,0,0,0,0,0,0,0,0,0,0,0,0,0,0,0,0,0,0,0,0,0,0,0,0,0,0,0,0,0,0,0,0,0,0,0,0,0,0,0,0,0,0,0
BOLD,Chordata,Actinopteri,Osmeriformes,Osmeridae,Thaleichthys,pacificus,Thaleichthys pacificus,235661,0,0,0,0,4,0,0,0,0,0,0,0,0,0,0,0,0,0,0,269,5,4,0,0,0,0,0,0,0,0,0,0,4664,0,0,3,0,0,0,0,0,0,0,0,0,0,0,0,0,2,0,0,20,0,0,0,0,0,0,0,0,0,0,0,8,46,5,156554,0,0,0,0,0,0,0,0,0,0,0,0,0,5,60899,0,0,0,0,103,0,0,0,0,0,2,0,3,0,0,0,0,0,0,0,0,0,0,0,0,0,0,0,0,0,0,0,0,0,0,0,0,0,0,0,0,0,0,0,0,0,0,0,0,0,0,0,0,0,0,0,0,0,0,0,0,0,0,0,0,0,0,0,0,0,0,0,10484,0,0,0,0,0,0,0,0,0,0,0,0,0,0,0,0,0,0,0,0,0,0,0,0,0,0,0,0,0,0,0,2565,0,0,0,0,0,0,0,0,0,0,0,0,0,6,0,0,0,0,0,0,0,0,0,0,0,0,0,7,0,0,0,0,0,0,0,0,0,0,0,0,0,0,0,3,0,0,0,0,0,0,0,0,0,0,0
BOLD,Chordata,Actinopteri,Scorpaeniformes,Trichodontidae,Trichodon,trichodon,Trichodon trichodon,239,0,0,0,0,0,0,0,0,0,0,0,0,0,0,0,0,0,0,0,0,0,0,0,0,0,0,0,0,0,0,0,0,0,0,0,0,0,0,0,0,0,0,0,0,0,0,0,0,0,0,0,0,0,0,0,0,0,0,0,0,0,0,0,0,0,0,0,0,0,0,0,0,0,0,0,0,0,0,0,0,0,0,239,0,0,0,0,0,0,0,0,0,0,0,0,0,0,0,0,0,0,0,0,0,0,0,0,0,0,0,0,0,0,0,0,0,0,0,0,0,0,0,0,0,0,0,0,0,0,0,0,0,0,0,0,0,0,0,0,0,0,0,0,0,0,0,0,0,0,0,0,0,0,0,0,0,0,0,0,0,0,0,0,0,0,0,0,0,0,0,0,0,0,0,0,0,0,0,0,0,0,0,0,0,0,0,0,0,0,0,0,0,0,0,0,0,0,0,0,0,0,0,0,0,0,0,0,0,0,0,0,0,0,0,0,0,0,0,0,0,0,0,0,0,0,0,0,0,0,0,0,0,0,0,0,0,0,0,0,0,0,0,0
BOLD,Chordata,Actinopteri,Scorpaeniformes,Agonidae,Xeneretmus,latifrons,Xeneretmus latifrons,278,0,0,0,0,0,0,0,0,0,0,0,0,0,0,0,0,0,0,0,0,0,0,0,0,0,0,0,0,0,0,0,0,0,0,0,0,0,0,0,0,0,0,0,0,0,0,0,0,0,0,0,0,0,0,0,0,0,0,0,0,0,0,0,0,0,0,0,0,0,0,0,0,0,0,0,0,0,0,0,0,0,0,0,0,0,0,0,0,0,0,0,0,0,0,0,0,0,0,0,0,0,0,0,0,0,0,0,0,0,0,0,0,0,0,0,0,0,0,0,0,0,0,0,0,0,0,0,0,49,0,0,0,0,0,0,0,0,0,0,0,0,0,29,0,0,0,0,0,0,0,0,0,0,0,0,0,0,0,0,0,0,0,0,0,0,0,0,0,0,0,0,0,0,0,148,0,0,0,0,0,0,0,0,0,0,0,25,0,0,0,0,0,27,0,0,0,0,0,0,0,0,0,0,0,0,0,0,0,0,0,0,0,0,0,0,0,0,0,0,0,0,0,0,0,0,0,0,0,0,0,0,0,0,0,0,0,0,0,0,0,0,0,0
BOLD,Chordata,Actinopteri,Scorpaeniformes,Stichaeidae,Xiphister,sp,Xiphister sp,71147,0,0,0,0,0,0,0,0,2,0,0,0,22,0,0,3,0,0,0,0,0,0,0,0,0,0,13017,0,0,0,15332,0,0,0,1143,0,0,0,0,0,0,0,0,2,5,0,0,0,0,0,0,0,0,0,0,0,25,8,0,8,0,0,7,0,0,0,0,0,0,0,0,14645,12000,14,0,0,0,0,0,0,0,0,0,0,0,0,4,0,0,0,0,0,0,0,0,1703,0,0,0,0,0,0,0,0,0,0,0,0,0,0,0,0,0,0,2,0,0,0,0,0,0,0,0,0,0,0,0,0,0,0,0,0,0,4,0,0,0,0,0,0,0,0,0,0,0,0,0,0,0,0,0,0,917,0,1923,0,0,0,4,0,0,0,0,0,0,0,0,0,1942,0,1287,0,0,0,0,0,0,0,0,0,0,0,0,0,0,0,0,0,0,0,0,0,0,0,0,0,0,0,0,0,0,0,0,0,0,0,0,0,0,19,0,0,0,0,0,323,0,0,1617,0,0,0,0,8,0,0,3411,0,0,0,0,0,0,1750,0,0,0,0,0,0,0,0,0
BOLD,Chordata,Actinopteri,Scorpaeniformes,Zaproridae,Zaprora,silenus,Zaprora silenus,30,0,0,0,0,0,0,0,0,0,0,0,0,0,0,0,0,0,0,0,0,0,0,0,0,0,0,0,0,0,9,3,0,0,0,0,0,0,0,0,0,0,0,2,0,0,0,0,0,0,0,0,0,0,0,0,0,0,0,0,0,0,0,0,0,0,0,0,0,0,0,0,8,3,0,0,0,0,0,0,0,0,0,0,0,0,0,0,0,0,0,0,0,0,0,0,0,0,0,0,0,0,0,0,0,0,0,0,0,0,0,0,0,0,0,0,2,0,0,0,0,0,0,0,0,0,0,0,0,0,0,0,0,0,0,0,0,0,0,0,0,0,0,0,0,0,0,0,0,0,0,0,0,0,0,0,0,0,0,0,0,0,0,0,0,0,0,0,0,0,0,0,0,0,0,0,0,0,0,0,0,0,0,0,0,0,0,0,0,0,0,0,0,0,0,0,0,0,0,0,3,0,0,0,0,0,0,0,0,0,0,0,0,0,0,0,0,0,0,0,0,0,0,0,0,0,0,0,0,0,0,0,0,0,0,0,0,0,0,0,0,0,0,0
